--
-- PostgreSQL database dump
--

-- Dumped from database version 16.4 (Homebrew)
-- Dumped by pg_dump version 16.4 (Homebrew)

SET statement_timeout = 0;
SET lock_timeout = 0;
SET idle_in_transaction_session_timeout = 0;
SET client_encoding = 'UTF8';
SET standard_conforming_strings = on;
SELECT pg_catalog.set_config('search_path', '', false);
SET check_function_bodies = false;
SET xmloption = content;
SET client_min_messages = warning;
SET row_security = off;

SET default_tablespace = '';

SET default_table_access_method = heap;

--
-- Name: gallery; Type: TABLE; Schema: public; Owner: paul
--

CREATE TABLE public.gallery (
    id integer NOT NULL,
    image_url character varying(255) NOT NULL,
    description character varying(255),
    destination_id smallint NOT NULL
);


ALTER TABLE public.gallery OWNER TO paul;

--
-- Name: destination_gallery_id_seq; Type: SEQUENCE; Schema: public; Owner: paul
--

CREATE SEQUENCE public.destination_gallery_id_seq
    AS integer
    START WITH 1
    INCREMENT BY 1
    NO MINVALUE
    NO MAXVALUE
    CACHE 1;


ALTER SEQUENCE public.destination_gallery_id_seq OWNER TO paul;

--
-- Name: destination_gallery_id_seq; Type: SEQUENCE OWNED BY; Schema: public; Owner: paul
--

ALTER SEQUENCE public.destination_gallery_id_seq OWNED BY public.gallery.id;


--
-- Name: destinations; Type: TABLE; Schema: public; Owner: paul
--

CREATE TABLE public.destinations (
    id smallint NOT NULL,
    name character varying(30) NOT NULL,
    thumbnail character varying(255) NOT NULL,
    price money
);


ALTER TABLE public.destinations OWNER TO paul;

--
-- Name: destinations_id_seq; Type: SEQUENCE; Schema: public; Owner: paul
--

CREATE SEQUENCE public.destinations_id_seq
    AS smallint
    START WITH 1
    INCREMENT BY 1
    NO MINVALUE
    NO MAXVALUE
    CACHE 1;


ALTER SEQUENCE public.destinations_id_seq OWNER TO paul;

--
-- Name: destinations_id_seq; Type: SEQUENCE OWNED BY; Schema: public; Owner: paul
--

ALTER SEQUENCE public.destinations_id_seq OWNED BY public.destinations.id;


--
-- Name: events; Type: TABLE; Schema: public; Owner: paul
--

CREATE TABLE public.events (
    id integer NOT NULL,
    tour_datetime timestamp with time zone NOT NULL,
    destination_id smallint NOT NULL
);


ALTER TABLE public.events OWNER TO paul;

--
-- Name: events_id_seq; Type: SEQUENCE; Schema: public; Owner: paul
--

CREATE SEQUENCE public.events_id_seq
    AS integer
    START WITH 1
    INCREMENT BY 1
    NO MINVALUE
    NO MAXVALUE
    CACHE 1;


ALTER SEQUENCE public.events_id_seq OWNER TO paul;

--
-- Name: events_id_seq; Type: SEQUENCE OWNED BY; Schema: public; Owner: paul
--

ALTER SEQUENCE public.events_id_seq OWNED BY public.events.id;


--
-- Name: itineraries; Type: TABLE; Schema: public; Owner: paul
--

CREATE TABLE public.itineraries (
    id smallint NOT NULL,
    destination_id smallint NOT NULL,
    day smallint NOT NULL,
    title character varying(25) NOT NULL,
    description character varying(512)
);


ALTER TABLE public.itineraries OWNER TO paul;

--
-- Name: itineraries_id_seq; Type: SEQUENCE; Schema: public; Owner: paul
--

CREATE SEQUENCE public.itineraries_id_seq
    AS smallint
    START WITH 1
    INCREMENT BY 1
    NO MINVALUE
    NO MAXVALUE
    CACHE 1;


ALTER SEQUENCE public.itineraries_id_seq OWNER TO paul;

--
-- Name: itineraries_id_seq; Type: SEQUENCE OWNED BY; Schema: public; Owner: paul
--

ALTER SEQUENCE public.itineraries_id_seq OWNED BY public.itineraries.id;


--
-- Name: locations; Type: TABLE; Schema: public; Owner: paul
--

CREATE TABLE public.locations (
    id smallint NOT NULL,
    destination_id smallint NOT NULL,
    header character varying(255) NOT NULL,
    map_url character varying(255) NOT NULL,
    description character varying(512) NOT NULL
);


ALTER TABLE public.locations OWNER TO paul;

--
-- Name: locations_id_seq; Type: SEQUENCE; Schema: public; Owner: paul
--

CREATE SEQUENCE public.locations_id_seq
    AS smallint
    START WITH 1
    INCREMENT BY 1
    NO MINVALUE
    NO MAXVALUE
    CACHE 1;


ALTER SEQUENCE public.locations_id_seq OWNER TO paul;

--
-- Name: locations_id_seq; Type: SEQUENCE OWNED BY; Schema: public; Owner: paul
--

ALTER SEQUENCE public.locations_id_seq OWNED BY public.locations.id;


--
-- Name: orders; Type: TABLE; Schema: public; Owner: paul
--

CREATE TABLE public.orders (
    id integer NOT NULL,
    event_id integer NOT NULL,
    customer character varying(30) NOT NULL,
    rating smallint,
    status character varying(15) DEFAULT 'booked'::character varying NOT NULL,
    created_at timestamp with time zone DEFAULT now() NOT NULL
);


ALTER TABLE public.orders OWNER TO paul;

--
-- Name: orders_id_seq; Type: SEQUENCE; Schema: public; Owner: paul
--

CREATE SEQUENCE public.orders_id_seq
    AS integer
    START WITH 1
    INCREMENT BY 1
    NO MINVALUE
    NO MAXVALUE
    CACHE 1;


ALTER SEQUENCE public.orders_id_seq OWNER TO paul;

--
-- Name: orders_id_seq; Type: SEQUENCE OWNED BY; Schema: public; Owner: paul
--

ALTER SEQUENCE public.orders_id_seq OWNED BY public.orders.id;


--
-- Name: todos; Type: TABLE; Schema: public; Owner: paul
--

CREATE TABLE public.todos (
    id smallint NOT NULL,
    itinerary_id smallint NOT NULL,
    sequence smallint NOT NULL,
    name character varying(128) NOT NULL
);


ALTER TABLE public.todos OWNER TO paul;

--
-- Name: todos_id_seq; Type: SEQUENCE; Schema: public; Owner: paul
--

CREATE SEQUENCE public.todos_id_seq
    AS smallint
    START WITH 1
    INCREMENT BY 1
    NO MINVALUE
    NO MAXVALUE
    CACHE 1;


ALTER SEQUENCE public.todos_id_seq OWNER TO paul;

--
-- Name: todos_id_seq; Type: SEQUENCE OWNED BY; Schema: public; Owner: paul
--

ALTER SEQUENCE public.todos_id_seq OWNED BY public.todos.id;


--
-- Name: destinations id; Type: DEFAULT; Schema: public; Owner: paul
--

ALTER TABLE ONLY public.destinations ALTER COLUMN id SET DEFAULT nextval('public.destinations_id_seq'::regclass);


--
-- Name: events id; Type: DEFAULT; Schema: public; Owner: paul
--

ALTER TABLE ONLY public.events ALTER COLUMN id SET DEFAULT nextval('public.events_id_seq'::regclass);


--
-- Name: gallery id; Type: DEFAULT; Schema: public; Owner: paul
--

ALTER TABLE ONLY public.gallery ALTER COLUMN id SET DEFAULT nextval('public.destination_gallery_id_seq'::regclass);


--
-- Name: itineraries id; Type: DEFAULT; Schema: public; Owner: paul
--

ALTER TABLE ONLY public.itineraries ALTER COLUMN id SET DEFAULT nextval('public.itineraries_id_seq'::regclass);


--
-- Name: locations id; Type: DEFAULT; Schema: public; Owner: paul
--

ALTER TABLE ONLY public.locations ALTER COLUMN id SET DEFAULT nextval('public.locations_id_seq'::regclass);


--
-- Name: orders id; Type: DEFAULT; Schema: public; Owner: paul
--

ALTER TABLE ONLY public.orders ALTER COLUMN id SET DEFAULT nextval('public.orders_id_seq'::regclass);


--
-- Name: todos id; Type: DEFAULT; Schema: public; Owner: paul
--

ALTER TABLE ONLY public.todos ALTER COLUMN id SET DEFAULT nextval('public.todos_id_seq'::regclass);


--
-- Data for Name: destinations; Type: TABLE DATA; Schema: public; Owner: paul
--

COPY public.destinations (id, name, thumbnail, price) FROM stdin;
2	Destination 2	https://placehold.co/600x400/EEE/31343C?font=open-sans&text=Destination%202	$1,730.00
3	Destination 3	https://placehold.co/600x400/EEE/31343C?font=open-sans&text=Destination%203	$850.00
4	Destination 4	https://placehold.co/600x400/EEE/31343C?font=open-sans&text=Destination%204	$1,600.00
5	Destination 5	https://placehold.co/600x400/EEE/31343C?font=open-sans&text=Destination%205	$1,240.00
6	Destination 6	https://placehold.co/600x400/EEE/31343C?font=open-sans&text=Destination%206	$1,990.00
7	Destination 7	https://placehold.co/600x400/EEE/31343C?font=open-sans&text=Destination%207	$715.00
8	Destination 8	https://placehold.co/600x400/EEE/31343C?font=open-sans&text=Destination%208	$1,870.00
9	Destination 9	https://placehold.co/600x400/EEE/31343C?font=open-sans&text=Destination%209	$530.00
10	Destination 10	https://placehold.co/600x400/EEE/31343C?font=open-sans&text=Destination%2010	$1,390.00
11	Destination 11	https://placehold.co/600x400/EEE/31343C?font=open-sans&text=Destination%2011	$1,775.00
12	Destination 12	https://placehold.co/600x400/EEE/31343C?font=open-sans&text=Destination%2012	$920.00
13	Destination 13	https://placehold.co/600x400/EEE/31343C?font=open-sans&text=Destination%2013	$1,535.00
14	Destination 14	https://placehold.co/600x400/EEE/31343C?font=open-sans&text=Destination%2014	$1,985.00
15	Destination 15	https://placehold.co/600x400/EEE/31343C?font=open-sans&text=Destination%2015	$625.00
16	Destination 16	https://placehold.co/600x400/EEE/31343C?font=open-sans&text=Destination%2016	$1,280.00
17	Destination 17	https://placehold.co/600x400/EEE/31343C?font=open-sans&text=Destination%2017	$1,995.00
18	Destination 18	https://placehold.co/600x400/EEE/31343C?font=open-sans&text=Destination%2018	$1,125.00
19	Destination 19	https://placehold.co/600x400/EEE/31343C?font=open-sans&text=Destination%2019	$1,460.00
20	Destination 20	https://placehold.co/600x400/EEE/31343C?font=open-sans&text=Destination%2020	$1,850.00
1	Destination 1	https://placehold.co/600x400/EEE/31343C?font=open-sans&text=Destination%201	$1,450.00
\.


--
-- Data for Name: events; Type: TABLE DATA; Schema: public; Owner: paul
--

COPY public.events (id, tour_datetime, destination_id) FROM stdin;
1	2024-09-15 15:30:00+07	5
2	2024-08-25 21:45:00+07	12
3	2024-10-03 18:10:00+07	3
4	2024-11-13 02:00:00+07	7
5	2024-12-05 23:20:00+07	14
6	2024-11-01 16:05:00+07	9
7	2024-10-26 00:15:00+07	18
8	2024-09-21 04:50:00+07	1
9	2024-11-18 13:40:00+07	20
10	2024-08-31 20:25:00+07	4
11	2024-09-10 12:30:00+07	8
12	2024-12-01 22:30:00+07	6
13	2024-11-15 19:50:00+07	13
14	2024-10-08 11:40:00+07	10
15	2024-09-25 09:00:00+07	11
16	2024-12-11 01:35:00+07	15
17	2024-11-29 06:10:00+07	2
18	2024-10-19 03:25:00+07	19
19	2024-08-20 14:45:00+07	16
20	2024-09-30 05:30:00+07	17
21	2024-11-03 21:55:00+07	5
22	2024-10-20 15:15:00+07	6
23	2024-12-02 08:50:00+07	3
24	2024-09-14 13:20:00+07	10
25	2024-11-09 01:05:00+07	12
26	2024-09-06 18:35:00+07	7
27	2024-10-29 19:10:00+07	14
28	2024-08-27 22:00:00+07	9
29	2024-12-06 23:55:00+07	11
\.


--
-- Data for Name: gallery; Type: TABLE DATA; Schema: public; Owner: paul
--

COPY public.gallery (id, image_url, description, destination_id) FROM stdin;
1	https://placehold.co/600x400/EEE/31343C?font=open-sans&text=Destination%201%20A	Lorem ipsum dolor sit amet	1
2	https://placehold.co/600x400/EEE/31343C?font=open-sans&text=Destination%201%20B	Consectetur adipiscing elit	1
3	https://placehold.co/600x400/EEE/31343C?font=open-sans&text=Destination%201%20C	Sed do eiusmod tempor incididunt	1
4	https://placehold.co/600x400/EEE/31343C?font=open-sans&text=Destination%201%20D	Ut labore et dolore magna aliqua	1
5	https://placehold.co/600x400/EEE/31343C?font=open-sans&text=Destination%201%20E	Ut enim ad minim veniam	1
6	https://placehold.co/600x400/EEE/31343C?font=open-sans&text=Destination%202%20A	Quis nostrud exercitation ullamco	2
7	https://placehold.co/600x400/EEE/31343C?font=open-sans&text=Destination%202%20B	Laboris nisi ut aliquip ex ea commodo	2
8	https://placehold.co/600x400/EEE/31343C?font=open-sans&text=Destination%202%20C	Duis aute irure dolor in reprehenderit	2
9	https://placehold.co/600x400/EEE/31343C?font=open-sans&text=Destination%202%20D	In voluptate velit esse cillum dolore	2
10	https://placehold.co/600x400/EEE/31343C?font=open-sans&text=Destination%202%20E	Eu fugiat nulla pariatur	2
11	https://placehold.co/600x400/EEE/31343C?font=open-sans&text=Destination%202%20F	Excepteur sint occaecat cupidatat non proident	2
12	https://placehold.co/600x400/EEE/31343C?font=open-sans&text=Destination%203%20A	Sunt in culpa qui officia	3
13	https://placehold.co/600x400/EEE/31343C?font=open-sans&text=Destination%203%20B	Deserunt mollit anim id est laborum	3
14	https://placehold.co/600x400/EEE/31343C?font=open-sans&text=Destination%203%20C	Lorem ipsum dolor sit amet	3
15	https://placehold.co/600x400/EEE/31343C?font=open-sans&text=Destination%204%20A	Consectetur adipiscing elit	4
16	https://placehold.co/600x400/EEE/31343C?font=open-sans&text=Destination%204%20B	Sed do eiusmod tempor incididunt	4
17	https://placehold.co/600x400/EEE/31343C?font=open-sans&text=Destination%204%20C	Ut labore et dolore magna aliqua	4
18	https://placehold.co/600x400/EEE/31343C?font=open-sans&text=Destination%204%20D	Ut enim ad minim veniam	4
19	https://placehold.co/600x400/EEE/31343C?font=open-sans&text=Destination%204%20E	Quis nostrud exercitation ullamco	4
20	https://placehold.co/600x400/EEE/31343C?font=open-sans&text=Destination%204%20F	Laboris nisi ut aliquip ex ea commodo	4
21	https://placehold.co/600x400/EEE/31343C?font=open-sans&text=Destination%204%20G	Duis aute irure dolor in reprehenderit	4
22	https://placehold.co/600x400/EEE/31343C?font=open-sans&text=Destination%204%20H	In voluptate velit esse cillum dolore	4
23	https://placehold.co/600x400/EEE/31343C?font=open-sans&text=Destination%205%20A	Eu fugiat nulla pariatur	5
24	https://placehold.co/600x400/EEE/31343C?font=open-sans&text=Destination%205%20B	Excepteur sint occaecat cupidatat non proident	5
25	https://placehold.co/600x400/EEE/31343C?font=open-sans&text=Destination%205%20C	Sunt in culpa qui officia	5
26	https://placehold.co/600x400/EEE/31343C?font=open-sans&text=Destination%205%20D	Deserunt mollit anim id est laborum	5
27	https://placehold.co/600x400/EEE/31343C?font=open-sans&text=Destination%206%20A	Lorem ipsum dolor sit amet	6
28	https://placehold.co/600x400/EEE/31343C?font=open-sans&text=Destination%206%20B	Lorem ipsum dolor sit amet	6
29	https://placehold.co/600x400/EEE/31343C?font=open-sans&text=Destination%206%20C	Lorem ipsum dolor sit amet	6
30	https://placehold.co/600x400/EEE/31343C?font=open-sans&text=Destination%207%20A	Lorem ipsum dolor sit amet	7
31	https://placehold.co/600x400/EEE/31343C?font=open-sans&text=Destination%207%20B	Lorem ipsum dolor sit amet	7
32	https://placehold.co/600x400/EEE/31343C?font=open-sans&text=Destination%207%20C	Lorem ipsum dolor sit amet	7
33	https://placehold.co/600x400/EEE/31343C?font=open-sans&text=Destination%207%20D	Lorem ipsum dolor sit amet	7
34	https://placehold.co/600x400/EEE/31343C?font=open-sans&text=Destination%207%20E	Lorem ipsum dolor sit amet	7
35	https://placehold.co/600x400/EEE/31343C?font=open-sans&text=Destination%208%20A	Lorem ipsum dolor sit amet	8
36	https://placehold.co/600x400/EEE/31343C?font=open-sans&text=Destination%208%20B	Lorem ipsum dolor sit amet	8
37	https://placehold.co/600x400/EEE/31343C?font=open-sans&text=Destination%208%20C	Lorem ipsum dolor sit amet	8
38	https://placehold.co/600x400/EEE/31343C?font=open-sans&text=Destination%208%20D	Lorem ipsum dolor sit amet	8
39	https://placehold.co/600x400/EEE/31343C?font=open-sans&text=Destination%209%20A	Lorem ipsum dolor sit amet	9
40	https://placehold.co/600x400/EEE/31343C?font=open-sans&text=Destination%209%20B	Lorem ipsum dolor sit amet	9
41	https://placehold.co/600x400/EEE/31343C?font=open-sans&text=Destination%209%20C	Lorem ipsum dolor sit amet	9
42	https://placehold.co/600x400/EEE/31343C?font=open-sans&text=Destination%209%20D	Lorem ipsum dolor sit amet	9
43	https://placehold.co/600x400/EEE/31343C?font=open-sans&text=Destination%2010%20A	Lorem ipsum dolor sit amet, consectetur adipiscing elit.	10
44	https://placehold.co/600x400/EEE/31343C?font=open-sans&text=Destination%2010%20B	Sed do eiusmod tempor incididunt ut labore et dolore magna aliqua.	10
45	https://placehold.co/600x400/EEE/31343C?font=open-sans&text=Destination%2010%20C	Ut enim ad minim veniam, quis nostrud exercitation ullamco laboris.	10
58	https://placehold.co/600x400/EEE/31343C?font=open-sans&text=Destination%2013%20A	Lorem ipsum dolor sit amet, consectetur adipiscing elit.	13
59	https://placehold.co/600x400/EEE/31343C?font=open-sans&text=Destination%2013%20B	Sed do eiusmod tempor incididunt ut labore et dolore magna aliqua.	13
60	https://placehold.co/600x400/EEE/31343C?font=open-sans&text=Destination%2013%20C	Ut enim ad minim veniam, quis nostrud exercitation ullamco laboris.	13
62	https://placehold.co/600x400/EEE/31343C?font=open-sans&text=Destination%2014%20B	Excepteur sint occaecat cupidatat non proident.	14
46	https://placehold.co/600x400/EEE/31343C?font=open-sans&text=Destination%2011%20A	Duis aute irure dolor in reprehenderit in voluptate velit esse.	11
47	https://placehold.co/600x400/EEE/31343C?font=open-sans&text=Destination%2011%20B	Cillum dolore eu fugiat nulla pariatur.	11
48	https://placehold.co/600x400/EEE/31343C?font=open-sans&text=Destination%2011%20C	Excepteur sint occaecat cupidatat non proident.	11
49	https://placehold.co/600x400/EEE/31343C?font=open-sans&text=Destination%2011%20D	Sunt in culpa qui officia deserunt mollit anim id est laborum.	11
50	https://placehold.co/600x400/EEE/31343C?font=open-sans&text=Destination%2012%20A	Mauris ullamcorper, purus ac auctor dapibus, dolor nisi vehicula risus.	12
51	https://placehold.co/600x400/EEE/31343C?font=open-sans&text=Destination%2012%20B	Vestibulum ante ipsum primis in faucibus orci luctus et ultrices.	12
52	https://placehold.co/600x400/EEE/31343C?font=open-sans&text=Destination%2012%20C	Donec sollicitudin molestie malesuada.	12
53	https://placehold.co/600x400/EEE/31343C?font=open-sans&text=Destination%2020%20A	Pellentesque in ipsum id orci porta dapibus.	20
54	https://placehold.co/600x400/EEE/31343C?font=open-sans&text=Destination%2020%20B	Curabitur aliquet quam id dui posuere blandit.	20
55	https://placehold.co/600x400/EEE/31343C?font=open-sans&text=Destination%2020%20C	Proin eget tortor risus.	20
56	https://placehold.co/600x400/EEE/31343C?font=open-sans&text=Destination%2020%20D	Vivamus suscipit tortor eget felis porttitor volutpat.	20
57	https://placehold.co/600x400/EEE/31343C?font=open-sans&text=Destination%2020%20E	Mauris blandit aliquet elit, eget tincidunt nibh pulvinar a.	20
61	https://placehold.co/600x400/EEE/31343C?font=open-sans&text=Destination%2014%20A	Duis aute irure dolor in reprehenderit in voluptate velit esse cillum dolore eu fugiat nulla pariatur.	14
63	https://placehold.co/600x400/EEE/31343C?font=open-sans&text=Destination%2014%20C	Sunt in culpa qui officia deserunt mollit anim id est laborum.	14
64	https://placehold.co/600x400/EEE/31343C?font=open-sans&text=Destination%2014%20D	Curabitur pretium tincidunt lacus.	14
65	https://placehold.co/600x400/EEE/31343C?font=open-sans&text=Destination%2015%20A	Nam bibendum, felis eget malesuada feugiat, turpis arcu venenatis felis.	15
66	https://placehold.co/600x400/EEE/31343C?font=open-sans&text=Destination%2015%20B	Ut nec leo ac elit ullamcorper eleifend.	15
67	https://placehold.co/600x400/EEE/31343C?font=open-sans&text=Destination%2015%20C	Pellentesque habitant morbi tristique senectus et netus.	15
68	https://placehold.co/600x400/EEE/31343C?font=open-sans&text=Destination%2015%20D	Etiam consequat urna eu quam facilisis, non mollis magna iaculis.	15
69	https://placehold.co/600x400/EEE/31343C?font=open-sans&text=Destination%2015%20E	Praesent malesuada ligula eget urna cursus, ut ornare odio sollicitudin.	15
70	https://placehold.co/600x400/EEE/31343C?font=open-sans&text=Destination%2016%20A	Mauris blandit aliquet elit, eget tincidunt nibh pulvinar a.	16
71	https://placehold.co/600x400/EEE/31343C?font=open-sans&text=Destination%2016%20B	Curabitur aliquet quam id dui posuere blandit.	16
72	https://placehold.co/600x400/EEE/31343C?font=open-sans&text=Destination%2016%20C	Donec sollicitudin molestie malesuada.	16
73	https://placehold.co/600x400/EEE/31343C?font=open-sans&text=Destination%2017%20A	Quisque velit nisi, pretium ut lacinia in, elementum id enim.	17
74	https://placehold.co/600x400/EEE/31343C?font=open-sans&text=Destination%2017%20B	Vestibulum ac diam sit amet quam vehicula elementum sed sit amet dui.	17
75	https://placehold.co/600x400/EEE/31343C?font=open-sans&text=Destination%2017%20C	Nulla quis lorem ut libero malesuada feugiat.	17
76	https://placehold.co/600x400/EEE/31343C?font=open-sans&text=Destination%2017%20D	Curabitur non nulla sit amet nisl tempus convallis quis ac lectus.	17
77	https://placehold.co/600x400/EEE/31343C?font=open-sans&text=Destination%2018%20A	Cras ultricies ligula sed magna dictum porta.	18
78	https://placehold.co/600x400/EEE/31343C?font=open-sans&text=Destination%2018%20B	Vivamus suscipit tortor eget felis porttitor volutpat.	18
79	https://placehold.co/600x400/EEE/31343C?font=open-sans&text=Destination%2018%20C	Nulla porttitor accumsan tincidunt.	18
80	https://placehold.co/600x400/EEE/31343C?font=open-sans&text=Destination%2018%20D	Pellentesque in ipsum id orci porta dapibus.	18
81	https://placehold.co/600x400/EEE/31343C?font=open-sans&text=Destination%2019%20A	Lorem ipsum dolor sit amet, consectetur adipiscing elit.	19
82	https://placehold.co/600x400/EEE/31343C?font=open-sans&text=Destination%2019%20B	Praesent sapien massa, convallis a pellentesque nec, egestas non nisi.	19
83	https://placehold.co/600x400/EEE/31343C?font=open-sans&text=Destination%2019%20C	Vivamus magna justo, lacinia eget consectetur sed, convallis at tellus.	19
\.


--
-- Data for Name: itineraries; Type: TABLE DATA; Schema: public; Owner: paul
--

COPY public.itineraries (id, destination_id, day, title, description) FROM stdin;
1	5	1	Curabitur blandit.	Lorem ipsum dolor sit amet, consectetur adipiscing elit. Donec sollicitudin molestie malesuada. Cras ultricies ligula sed magna dictum porta. Praesent sapien massa, convallis a pellentesque nec, egestas non nisi.
2	5	2	Vivamus sagittis.	Sed porttitor lectus nibh. Donec sollicitudin molestie malesuada. Cras ultricies ligula sed magna dictum porta. Vivamus suscipit tortor eget felis porttitor volutpat.
3	5	3	Aenean euismod.	Nulla porttitor accumsan tincidunt. Proin eget tortor risus. Vestibulum ante ipsum primis in faucibus orci luctus et ultrices posuere cubilia curae; Donec sollicitudin molestie malesuada. Vivamus magna justo, lacinia eget consectetur sed, convallis at tellus.
\.


--
-- Data for Name: locations; Type: TABLE DATA; Schema: public; Owner: paul
--

COPY public.locations (id, destination_id, header, map_url, description) FROM stdin;
1	1	Lorem ipsum dolor sit amet, consectetur adipiscing elit.	https://www.google.com/maps/place/Fake+Location/@12.345678,98.7654321,17z	Lorem ipsum dolor sit amet, consectetur adipiscing elit. Sed do eiusmod tempor incididunt ut labore et dolore magna aliqua. Ut enim ad minim veniam, quis nostrud exercitation ullamco laboris nisi ut aliquip ex ea commodo consequat.
2	2	Proin faucibus arcu quis ante.	https://www.google.com/maps/place/Fake+Location/@34.567890,65.432198,16z	Sed ut perspiciatis unde omnis iste natus error sit voluptatem accusantium doloremque laudantium, totam rem aperiam, eaque ipsa quae ab illo inventore veritatis et quasi architecto beatae vitae dicta sunt explicabo. Nemo enim ipsam voluptatem quia voluptas sit aspernatur aut odit aut fugit.
3	3	Donec sollicitudin molestie malesuada.	https://www.google.com/maps/place/Fake+Location/@45.123456,75.654321,15z	Lorem ipsum dolor sit amet, consectetur adipiscing elit. Quisque volutpat condimentum velit. Class aptent taciti sociosqu ad litora torquent per conubia nostra, per inceptos himenaeos. Curabitur blandit tempus porttitor. Etiam porta sem malesuada magna mollis euismod.
4	4	Vestibulum ante ipsum primis in faucibus.	https://www.google.com/maps/place/Fake+Location/@23.456789,54.321098,14z	Vivamus sagittis lacus vel augue laoreet rutrum faucibus dolor auctor. Duis mollis, est non commodo luctus, nisi erat porttitor ligula, eget lacinia odio sem nec elit. Maecenas faucibus mollis interdum. Aenean lacinia bibendum nulla sed consectetur.
5	5	Mauris blandit aliquet elit.	https://www.google.com/maps/place/Fake+Location/@67.890123,12.345678,18z	Pellentesque habitant morbi tristique senectus et netus et malesuada fames ac turpis egestas. Nullam quis risus eget urna mollis ornare vel eu leo. Vivamus sagittis lacus vel augue laoreet rutrum faucibus dolor auctor. Nulla vitae elit libero, a pharetra augue.
6	6	Sed porttitor lectus nibh.	https://www.google.com/maps/place/Fake+Location/@89.012345,23.456789,13z	Nullam id dolor id nibh ultricies vehicula ut id elit. Praesent commodo cursus magna, vel scelerisque nisl consectetur et. Etiam porta sem malesuada magna mollis euismod. Maecenas sed diam eget risus varius blandit sit amet non magna.
7	7	Cras ultricies ligula sed magna dictum porta.	https://www.google.com/maps/place/Fake+Location/@11.223344,44.556677,12z	Sed posuere consectetur est at lobortis. Morbi leo risus, porta ac consectetur ac, vestibulum at eros. Aenean eu leo quam. Pellentesque ornare sem lacinia quam venenatis vestibulum. Fusce dapibus, tellus ac cursus commodo, tortor mauris condimentum nibh.
8	8	Curabitur aliquet quam id dui posuere blandit.	https://www.google.com/maps/place/Fake+Location/@33.445566,77.889900,19z	Curabitur non nulla sit amet nisl tempus convallis quis ac lectus. Mauris blandit aliquet elit, eget tincidunt nibh pulvinar a. Praesent sapien massa, convallis a pellentesque nec, egestas non nisi. Donec sollicitudin molestie malesuada. Donec rutrum congue leo eget malesuada.
9	9	Nulla porttitor accumsan tincidunt.	https://www.google.com/maps/place/Fake+Location/@66.778899,55.443322,17z	Vivamus magna justo, lacinia eget consectetur sed, convallis at tellus. Vivamus suscipit tortor eget felis porttitor volutpat. Sed porttitor lectus nibh. Vestibulum ac diam sit amet quam vehicula elementum sed sit amet dui. Pellentesque in ipsum id orci porta dapibus.
10	10	Pellentesque in ipsum id orci porta dapibus.	https://www.google.com/maps/place/Fake+Location/@44.332211,88.776655,20z	Donec sollicitudin molestie malesuada. Vivamus magna justo, lacinia eget consectetur sed, convallis at tellus. Curabitur aliquet quam id dui posuere blandit. Nulla porttitor accumsan tincidunt. Vivamus magna justo, lacinia eget consectetur sed, convallis at tellus.
11	11	Quisque velit nisi, pretium ut lacinia in.	https://www.google.com/maps/place/Fake+Location/@55.667788,22.334455,12z	Donec sollicitudin molestie malesuada. Vivamus magna justo, lacinia eget consectetur sed, convallis at tellus. Curabitur aliquet quam id dui posuere blandit. Nulla porttitor accumsan tincidunt. Vivamus magna justo, lacinia eget consectetur sed, convallis at tellus.
12	12	Pellentesque in ipsum id orci porta dapibus.	https://www.google.com/maps/place/Fake+Location/@55.667788,22.334455,12z	Donec sollicitudin molestie malesuada. Vivamus magna justo, lacinia eget consectetur sed, convallis at tellus. Curabitur aliquet quam id dui posuere blandit. Nulla porttitor accumsan tincidunt. Vivamus magna justo, lacinia eget consectetur sed, convallis at tellus.
13	13	Curabitur non nulla sit amet nisl tempus convallis.	https://www.google.com/maps/place/Fake+Location/@78.112233,66.554433,18z	Praesent sapien massa, convallis a pellentesque nec, egestas non nisi. Donec sollicitudin molestie malesuada. Curabitur aliquet quam id dui posuere blandit. Nulla porttitor accumsan tincidunt. Vivamus magna justo, lacinia eget consectetur sed, convallis at tellus.
14	14	Mauris blandit aliquet elit, eget tincidunt nibh.	https://www.google.com/maps/place/Fake+Location/@88.223344,44.332211,15z	Vestibulum ac diam sit amet quam vehicula elementum sed sit amet dui. Pellentesque in ipsum id orci porta dapibus. Vivamus magna justo, lacinia eget consectetur sed, convallis at tellus. Donec sollicitudin molestie malesuada.
15	15	Nulla quis lorem ut libero malesuada feugiat.	https://www.google.com/maps/place/Fake+Location/@99.334455,11.223344,14z	Vivamus magna justo, lacinia eget consectetur sed, convallis at tellus. Donec rutrum congue leo eget malesuada. Vestibulum ac diam sit amet quam vehicula elementum sed sit amet dui. Curabitur aliquet quam id dui posuere blandit.
16	16	Proin eget tortor risus.	https://www.google.com/maps/place/Fake+Location/@10.556677,99.445566,17z	Sed porttitor lectus nibh. Vestibulum ac diam sit amet quam vehicula elementum sed sit amet dui. Vivamus magna justo, lacinia eget consectetur sed, convallis at tellus. Nulla porttitor accumsan tincidunt.
17	17	Vivamus suscipit tortor eget felis porttitor.	https://www.google.com/maps/place/Fake+Location/@21.667788,33.556677,16z	Curabitur non nulla sit amet nisl tempus convallis quis ac lectus. Mauris blandit aliquet elit, eget tincidunt nibh pulvinar a. Vivamus magna justo, lacinia eget consectetur sed, convallis at tellus. Donec sollicitudin molestie malesuada.
18	18	Quisque velit nisi, pretium ut lacinia in.	https://www.google.com/maps/place/Fake+Location/@32.778899,44.667788,12z	Curabitur aliquet quam id dui posuere blandit. Nulla porttitor accumsan tincidunt. Vestibulum ac diam sit amet quam vehicula elementum sed sit amet dui. Vivamus magna justo, lacinia eget consectetur sed, convallis at tellus.
19	19	Nulla quis lorem ut libero malesuada feugiat.	https://www.google.com/maps/place/Fake+Location/@43.889900,55.778899,19z	Donec sollicitudin molestie malesuada. Vivamus magna justo, lacinia eget consectetur sed, convallis at tellus. Curabitur aliquet quam id dui posuere blandit. Nulla porttitor accumsan tincidunt.
20	20	Vestibulum ac diam sit amet quam vehicula.	https://www.google.com/maps/place/Fake+Location/@54.001122,66.889900,20z	Pellentesque habitant morbi tristique senectus et netus et malesuada fames ac turpis egestas. Nullam quis risus eget urna mollis ornare vel eu leo. Vivamus sagittis lacus vel augue laoreet rutrum faucibus dolor auctor. Nulla vitae elit libero, a pharetra augue.
\.


--
-- Data for Name: orders; Type: TABLE DATA; Schema: public; Owner: paul
--

COPY public.orders (id, event_id, customer, rating, status, created_at) FROM stdin;
73	14	Jack Walker	\N	booked	2024-11-14 06:32:15.305646+07
78	21	Parker Collins	\N	booked	2024-11-14 06:32:15.305646+07
90	7	Frank Green	\N	booked	2024-11-14 06:32:15.485524+07
97	19	Nora King	\N	booked	2024-11-14 06:32:15.485524+07
99	21	Parker Collins	\N	booked	2024-11-14 06:32:15.485524+07
112	8	Grace Hall	\N	booked	2024-11-14 06:32:15.693764+07
114	11	Isla Martin	\N	booked	2024-11-14 06:32:15.693764+07
119	20	Oliver Scott	\N	booked	2024-11-14 06:32:15.693764+07
121	22	Quinn Stewart	\N	booked	2024-11-14 06:32:15.693764+07
127	1	Alice Johnson	\N	booked	2024-11-14 06:32:15.903646+07
133	8	Grace Hall	\N	booked	2024-11-14 06:32:15.903646+07
138	18	Mason Wright	\N	booked	2024-11-14 06:32:15.903646+07
145	26	Tina Perez	\N	booked	2024-11-14 06:32:15.903646+07
149	2	Bob Smith	\N	booked	2024-11-14 06:32:16.073479+07
151	4	David Brown	\N	booked	2024-11-14 06:32:16.073479+07
160	19	Nora King	\N	booked	2024-11-14 06:32:16.073479+07
164	24	Riley Torres	\N	booked	2024-11-14 06:32:16.073479+07
165	25	Sam Cooper	\N	booked	2024-11-14 06:32:16.073479+07
166	26	Tina Perez	\N	booked	2024-11-14 06:32:16.073479+07
167	27	Uma Morgan	\N	booked	2024-11-14 06:32:16.073479+07
170	2	Bob Smith	\N	booked	2024-11-14 06:32:16.266826+07
172	4	David Brown	\N	booked	2024-11-14 06:32:16.266826+07
176	10	Henry Adams	\N	booked	2024-11-14 06:32:16.266826+07
184	22	Quinn Stewart	\N	booked	2024-11-14 06:32:16.266826+07
186	25	Sam Cooper	\N	booked	2024-11-14 06:32:16.266826+07
188	27	Uma Morgan	\N	booked	2024-11-14 06:32:16.266826+07
189	28	Victor Diaz	\N	booked	2024-11-14 06:32:16.266826+07
202	19	Nora King	\N	booked	2024-11-14 06:32:16.521283+07
215	6	Ella White	\N	booked	2024-11-14 06:32:16.7418+07
216	7	Frank Green	\N	booked	2024-11-14 06:32:16.7418+07
217	8	Grace Hall	\N	booked	2024-11-14 06:32:16.7418+07
219	11	Isla Martin	\N	booked	2024-11-14 06:32:16.7418+07
225	21	Parker Collins	\N	booked	2024-11-14 06:32:16.7418+07
226	22	Quinn Stewart	\N	booked	2024-11-14 06:32:16.7418+07
229	26	Tina Perez	\N	booked	2024-11-14 06:32:16.7418+07
230	27	Uma Morgan	\N	booked	2024-11-14 06:32:16.7418+07
242	15	Lily Young	\N	booked	2024-11-14 06:32:16.956757+07
243	18	Mason Wright	\N	booked	2024-11-14 06:32:16.956757+07
244	19	Nora King	\N	booked	2024-11-14 06:32:16.956757+07
247	22	Quinn Stewart	\N	booked	2024-11-14 06:32:16.956757+07
260	10	Henry Adams	\N	booked	2024-11-14 06:32:17.154197+07
261	11	Isla Martin	\N	booked	2024-11-14 06:32:17.154197+07
270	25	Sam Cooper	\N	booked	2024-11-14 06:32:17.154197+07
273	28	Victor Diaz	\N	booked	2024-11-14 06:32:17.154197+07
274	1	Alice Johnson	\N	booked	2024-11-14 06:32:17.416942+07
288	21	Parker Collins	\N	booked	2024-11-14 06:32:17.416942+07
294	28	Victor Diaz	\N	booked	2024-11-14 06:32:17.416942+07
298	4	David Brown	\N	booked	2024-11-14 06:32:17.547954+07
309	21	Parker Collins	\N	booked	2024-11-14 06:32:17.547954+07
316	1	Alice Johnson	\N	booked	2024-11-14 06:32:17.734562+07
327	18	Mason Wright	\N	booked	2024-11-14 06:32:17.734562+07
329	20	Oliver Scott	\N	booked	2024-11-14 06:32:17.734562+07
330	21	Parker Collins	\N	booked	2024-11-14 06:32:17.734562+07
336	28	Victor Diaz	\N	booked	2024-11-14 06:32:17.734562+07
340	4	David Brown	\N	booked	2024-11-14 06:32:17.935942+07
345	11	Isla Martin	\N	booked	2024-11-14 06:32:17.935942+07
359	2	Bob Smith	\N	booked	2024-11-14 06:32:18.140968+07
362	6	Ella White	\N	booked	2024-11-14 06:32:18.140968+07
363	7	Frank Green	\N	booked	2024-11-14 06:32:18.140968+07
370	19	Nora King	\N	booked	2024-11-14 06:32:18.140968+07
372	21	Parker Collins	\N	booked	2024-11-14 06:32:18.140968+07
377	27	Uma Morgan	\N	booked	2024-11-14 06:32:18.140968+07
384	7	Frank Green	\N	booked	2024-11-14 06:32:18.333909+07
386	10	Henry Adams	\N	booked	2024-11-14 06:32:18.333909+07
390	18	Mason Wright	\N	booked	2024-11-14 06:32:18.333909+07
392	20	Oliver Scott	\N	booked	2024-11-14 06:32:18.333909+07
395	24	Riley Torres	\N	booked	2024-11-14 06:32:18.333909+07
402	3	Charlie Lee	\N	booked	2024-11-14 06:32:18.523097+07
412	19	Nora King	\N	booked	2024-11-14 06:32:18.523097+07
415	22	Quinn Stewart	\N	booked	2024-11-14 06:32:18.523097+07
416	24	Riley Torres	\N	booked	2024-11-14 06:32:18.523097+07
422	2	Bob Smith	\N	booked	2024-11-14 06:32:18.729524+07
424	4	David Brown	\N	booked	2024-11-14 06:32:18.729524+07
438	25	Sam Cooper	\N	booked	2024-11-14 06:32:18.729524+07
439	26	Tina Perez	\N	booked	2024-11-14 06:32:18.729524+07
442	1	Alice Johnson	\N	booked	2024-11-14 06:32:18.921679+07
443	2	Bob Smith	\N	booked	2024-11-14 06:32:18.921679+07
447	7	Frank Green	\N	booked	2024-11-14 06:32:18.921679+07
449	10	Henry Adams	\N	booked	2024-11-14 06:32:18.921679+07
454	19	Nora King	\N	booked	2024-11-14 06:32:18.921679+07
455	20	Oliver Scott	\N	booked	2024-11-14 06:32:18.921679+07
459	25	Sam Cooper	\N	booked	2024-11-14 06:32:18.921679+07
460	26	Tina Perez	\N	booked	2024-11-14 06:32:18.921679+07
464	2	Bob Smith	\N	booked	2024-11-14 06:32:19.105551+07
476	20	Oliver Scott	\N	booked	2024-11-14 06:32:19.105551+07
478	22	Quinn Stewart	\N	booked	2024-11-14 06:32:19.105551+07
483	28	Victor Diaz	\N	booked	2024-11-14 06:32:19.105551+07
485	2	Bob Smith	\N	booked	2024-11-14 06:32:19.31305+07
491	10	Henry Adams	\N	booked	2024-11-14 06:32:19.31305+07
495	18	Mason Wright	\N	booked	2024-11-14 06:32:19.31305+07
497	20	Oliver Scott	\N	booked	2024-11-14 06:32:19.31305+07
504	28	Victor Diaz	\N	booked	2024-11-14 06:32:19.31305+07
511	8	Grace Hall	\N	booked	2024-11-14 06:32:19.50862+07
516	18	Mason Wright	\N	booked	2024-11-14 06:32:19.50862+07
527	2	Bob Smith	\N	booked	2024-11-14 06:32:19.712253+07
529	4	David Brown	\N	booked	2024-11-14 06:32:19.712253+07
531	7	Frank Green	\N	booked	2024-11-14 06:32:19.712253+07
537	18	Mason Wright	\N	booked	2024-11-14 06:32:19.712253+07
539	20	Oliver Scott	\N	booked	2024-11-14 06:32:19.712253+07
541	22	Quinn Stewart	\N	booked	2024-11-14 06:32:19.712253+07
563	24	Riley Torres	\N	booked	2024-11-14 06:32:19.918455+07
579	18	Mason Wright	\N	booked	2024-11-14 06:32:20.104945+07
583	22	Quinn Stewart	\N	booked	2024-11-14 06:32:20.104945+07
587	27	Uma Morgan	\N	booked	2024-11-14 06:32:20.104945+07
598	14	Jack Walker	\N	booked	2024-11-14 06:32:20.312664+07
603	21	Parker Collins	\N	booked	2024-11-14 06:32:20.312664+07
607	26	Tina Perez	\N	booked	2024-11-14 06:32:20.312664+07
608	27	Uma Morgan	\N	booked	2024-11-14 06:32:20.312664+07
610	1	Alice Johnson	\N	booked	2024-11-14 06:32:20.519415+07
615	7	Frank Green	\N	booked	2024-11-14 06:32:20.519415+07
616	8	Grace Hall	\N	booked	2024-11-14 06:32:20.519415+07
622	19	Nora King	\N	booked	2024-11-14 06:32:20.519415+07
636	7	Frank Green	\N	booked	2024-11-14 06:32:20.72296+07
637	8	Grace Hall	\N	booked	2024-11-14 06:32:20.72296+07
641	15	Lily Young	\N	booked	2024-11-14 06:32:20.72296+07
645	21	Parker Collins	\N	booked	2024-11-14 06:32:20.72296+07
647	24	Riley Torres	\N	booked	2024-11-14 06:32:20.72296+07
648	25	Sam Cooper	\N	booked	2024-11-14 06:32:20.72296+07
649	26	Tina Perez	\N	booked	2024-11-14 06:32:20.72296+07
659	10	Henry Adams	\N	booked	2024-11-14 06:32:20.922285+07
660	11	Isla Martin	\N	booked	2024-11-14 06:32:20.922285+07
662	15	Lily Young	\N	booked	2024-11-14 06:32:20.922285+07
677	6	Ella White	\N	booked	2024-11-14 06:32:21.125863+07
679	8	Grace Hall	\N	booked	2024-11-14 06:32:21.125863+07
689	24	Riley Torres	\N	booked	2024-11-14 06:32:21.125863+07
690	25	Sam Cooper	\N	booked	2024-11-14 06:32:21.125863+07
699	7	Frank Green	\N	booked	2024-11-14 06:32:21.321053+07
700	8	Grace Hall	\N	booked	2024-11-14 06:32:21.321053+07
703	14	Jack Walker	\N	booked	2024-11-14 06:32:21.321053+07
704	15	Lily Young	\N	booked	2024-11-14 06:32:21.321053+07
711	25	Sam Cooper	\N	booked	2024-11-14 06:32:21.321053+07
713	27	Uma Morgan	\N	booked	2024-11-14 06:32:21.321053+07
714	28	Victor Diaz	\N	booked	2024-11-14 06:32:21.321053+07
719	6	Ella White	\N	booked	2024-11-14 06:32:21.544111+07
723	11	Isla Martin	\N	booked	2024-11-14 06:32:21.544111+07
724	14	Jack Walker	\N	booked	2024-11-14 06:32:21.544111+07
727	19	Nora King	\N	booked	2024-11-14 06:32:21.544111+07
728	20	Oliver Scott	\N	booked	2024-11-14 06:32:21.544111+07
729	21	Parker Collins	\N	booked	2024-11-14 06:32:21.544111+07
742	8	Grace Hall	\N	booked	2024-11-14 06:32:21.807596+07
745	14	Jack Walker	\N	booked	2024-11-14 06:32:21.807596+07
747	18	Mason Wright	\N	booked	2024-11-14 06:32:21.807596+07
751	22	Quinn Stewart	\N	booked	2024-11-14 06:32:21.807596+07
755	27	Uma Morgan	\N	booked	2024-11-14 06:32:21.807596+07
765	11	Isla Martin	\N	booked	2024-11-14 06:32:21.913272+07
766	14	Jack Walker	\N	booked	2024-11-14 06:32:21.913272+07
768	18	Mason Wright	\N	booked	2024-11-14 06:32:21.913272+07
772	22	Quinn Stewart	\N	booked	2024-11-14 06:32:21.913272+07
780	3	Charlie Lee	\N	booked	2024-11-14 06:32:22.107415+07
802	4	David Brown	\N	booked	2024-11-14 06:32:22.303453+07
809	15	Lily Young	\N	booked	2024-11-14 06:32:22.303453+07
827	10	Henry Adams	\N	booked	2024-11-14 06:32:22.494601+07
836	24	Riley Torres	\N	booked	2024-11-14 06:32:22.494601+07
839	27	Uma Morgan	\N	booked	2024-11-14 06:32:22.494601+07
847	8	Grace Hall	\N	booked	2024-11-14 06:32:22.704551+07
849	11	Isla Martin	\N	booked	2024-11-14 06:32:22.704551+07
854	20	Oliver Scott	\N	booked	2024-11-14 06:32:22.704551+07
856	22	Quinn Stewart	\N	booked	2024-11-14 06:32:22.704551+07
867	7	Frank Green	\N	booked	2024-11-14 06:32:22.92209+07
875	20	Oliver Scott	\N	booked	2024-11-14 06:32:22.92209+07
883	1	Alice Johnson	\N	booked	2024-11-14 06:32:23.109821+07
886	4	David Brown	\N	booked	2024-11-14 06:32:23.109821+07
889	8	Grace Hall	\N	booked	2024-11-14 06:32:23.109821+07
893	15	Lily Young	\N	booked	2024-11-14 06:32:23.109821+07
899	24	Riley Torres	\N	booked	2024-11-14 06:32:23.109821+07
902	27	Uma Morgan	\N	booked	2024-11-14 06:32:23.109821+07
909	7	Frank Green	\N	booked	2024-11-14 06:32:44.714922+07
914	15	Lily Young	\N	booked	2024-11-14 06:32:44.714922+07
923	27	Uma Morgan	\N	booked	2024-11-14 06:32:44.714922+07
936	18	Mason Wright	\N	booked	2024-11-14 06:32:44.926562+07
939	21	Parker Collins	\N	booked	2024-11-14 06:32:44.926562+07
940	22	Quinn Stewart	\N	booked	2024-11-14 06:32:44.926562+07
941	24	Riley Torres	\N	booked	2024-11-14 06:32:44.926562+07
947	2	Bob Smith	\N	booked	2024-11-14 06:32:45.086642+07
949	4	David Brown	\N	booked	2024-11-14 06:32:45.086642+07
952	8	Grace Hall	\N	booked	2024-11-14 06:32:45.086642+07
959	20	Oliver Scott	\N	booked	2024-11-14 06:32:45.086642+07
967	1	Alice Johnson	\N	booked	2024-11-14 06:32:45.263416+07
971	6	Ella White	\N	booked	2024-11-14 06:32:45.263416+07
975	11	Isla Martin	\N	booked	2024-11-14 06:32:45.263416+07
977	15	Lily Young	\N	booked	2024-11-14 06:32:45.263416+07
988	1	Alice Johnson	\N	booked	2024-11-14 06:32:45.446163+07
997	14	Jack Walker	\N	booked	2024-11-14 06:32:45.446163+07
998	15	Lily Young	\N	booked	2024-11-14 06:32:45.446163+07
1001	20	Oliver Scott	\N	booked	2024-11-14 06:32:45.446163+07
1007	27	Uma Morgan	\N	booked	2024-11-14 06:32:45.446163+07
1019	15	Lily Young	\N	booked	2024-11-14 06:32:45.631026+07
1033	4	David Brown	\N	booked	2024-11-14 06:32:45.804773+07
1035	7	Frank Green	\N	booked	2024-11-14 06:32:45.804773+07
1036	8	Grace Hall	\N	booked	2024-11-14 06:32:45.804773+07
1039	14	Jack Walker	\N	booked	2024-11-14 06:32:45.804773+07
1043	20	Oliver Scott	\N	booked	2024-11-14 06:32:45.804773+07
1045	22	Quinn Stewart	\N	booked	2024-11-14 06:32:45.804773+07
1053	3	Charlie Lee	\N	booked	2024-11-14 06:32:45.975913+07
1068	25	Sam Cooper	\N	booked	2024-11-14 06:32:45.975913+07
1069	26	Tina Perez	\N	booked	2024-11-14 06:32:45.975913+07
1073	2	Bob Smith	\N	booked	2024-11-14 06:32:46.172351+07
1085	20	Oliver Scott	\N	booked	2024-11-14 06:32:46.172351+07
1086	21	Parker Collins	\N	booked	2024-11-14 06:32:46.172351+07
1088	24	Riley Torres	\N	booked	2024-11-14 06:32:46.172351+07
1089	25	Sam Cooper	\N	booked	2024-11-14 06:32:46.172351+07
1092	28	Victor Diaz	\N	booked	2024-11-14 06:32:46.172351+07
1098	7	Frank Green	\N	booked	2024-11-14 06:32:46.337651+07
1099	8	Grace Hall	\N	booked	2024-11-14 06:32:46.337651+07
1104	18	Mason Wright	\N	booked	2024-11-14 06:32:46.337651+07
1125	18	Mason Wright	\N	booked	2024-11-14 06:32:46.529526+07
1134	28	Victor Diaz	\N	booked	2024-11-14 06:32:46.529526+07
1137	3	Charlie Lee	\N	booked	2024-11-14 06:32:46.720611+07
1138	4	David Brown	\N	booked	2024-11-14 06:32:46.720611+07
1145	15	Lily Young	\N	booked	2024-11-14 06:32:46.720611+07
1150	22	Quinn Stewart	\N	booked	2024-11-14 06:32:46.720611+07
1151	24	Riley Torres	\N	booked	2024-11-14 06:32:46.720611+07
1153	26	Tina Perez	\N	booked	2024-11-14 06:32:46.720611+07
1164	11	Isla Martin	\N	booked	2024-11-14 06:32:46.914898+07
1166	15	Lily Young	\N	booked	2024-11-14 06:32:46.914898+07
1173	25	Sam Cooper	\N	booked	2024-11-14 06:32:46.914898+07
1180	4	David Brown	\N	booked	2024-11-14 06:32:47.108809+07
1181	6	Ella White	\N	booked	2024-11-14 06:32:47.108809+07
1184	10	Henry Adams	\N	booked	2024-11-14 06:32:47.108809+07
1186	14	Jack Walker	\N	booked	2024-11-14 06:32:47.108809+07
1193	24	Riley Torres	\N	booked	2024-11-14 06:32:47.108809+07
1198	1	Alice Johnson	\N	booked	2024-11-14 06:32:47.289183+07
1199	2	Bob Smith	\N	booked	2024-11-14 06:32:47.289183+07
6	7	Frank Green	\N	booked	2024-11-14 06:32:11.994339+07
10	14	Jack Walker	\N	booked	2024-11-14 06:32:11.994339+07
11	15	Lily Young	\N	booked	2024-11-14 06:32:11.994339+07
12	18	Mason Wright	\N	booked	2024-11-14 06:32:11.994339+07
24	3	Charlie Lee	\N	booked	2024-11-14 06:32:14.138952+07
36	21	Parker Collins	\N	booked	2024-11-14 06:32:14.138952+07
1	1	Alice Johnson	4	confirmed	2024-11-14 06:32:11.994339+07
2	2	Bob Smith	3	confirmed	2024-11-14 06:32:11.994339+07
3	3	Charlie Lee	5	confirmed	2024-11-14 06:32:11.994339+07
4	4	David Brown	2	confirmed	2024-11-14 06:32:11.994339+07
5	6	Ella White	4	confirmed	2024-11-14 06:32:11.994339+07
7	8	Grace Hall	1	confirmed	2024-11-14 06:32:11.994339+07
8	10	Henry Adams	5	confirmed	2024-11-14 06:32:11.994339+07
9	11	Isla Martin	2	confirmed	2024-11-14 06:32:11.994339+07
13	19	Nora King	3	confirmed	2024-11-14 06:32:11.994339+07
14	20	Oliver Scott	5	confirmed	2024-11-14 06:32:11.994339+07
15	21	Parker Collins	2	confirmed	2024-11-14 06:32:11.994339+07
16	22	Quinn Stewart	3	confirmed	2024-11-14 06:32:11.994339+07
17	24	Riley Torres	5	confirmed	2024-11-14 06:32:11.994339+07
18	25	Sam Cooper	4	confirmed	2024-11-14 06:32:11.994339+07
19	26	Tina Perez	1	confirmed	2024-11-14 06:32:11.994339+07
20	27	Uma Morgan	5	confirmed	2024-11-14 06:32:11.994339+07
21	28	Victor Diaz	3	confirmed	2024-11-14 06:32:11.994339+07
22	1	Alice Johnson	4	confirmed	2024-11-14 06:32:14.138952+07
23	2	Bob Smith	3	confirmed	2024-11-14 06:32:14.138952+07
25	4	David Brown	2	confirmed	2024-11-14 06:32:14.138952+07
26	6	Ella White	4	confirmed	2024-11-14 06:32:14.138952+07
27	7	Frank Green	3	confirmed	2024-11-14 06:32:14.138952+07
28	8	Grace Hall	1	confirmed	2024-11-14 06:32:14.138952+07
29	10	Henry Adams	5	confirmed	2024-11-14 06:32:14.138952+07
30	11	Isla Martin	2	confirmed	2024-11-14 06:32:14.138952+07
31	14	Jack Walker	4	confirmed	2024-11-14 06:32:14.138952+07
32	15	Lily Young	5	confirmed	2024-11-14 06:32:14.138952+07
33	18	Mason Wright	1	confirmed	2024-11-14 06:32:14.138952+07
34	19	Nora King	3	confirmed	2024-11-14 06:32:14.138952+07
35	20	Oliver Scott	5	confirmed	2024-11-14 06:32:14.138952+07
37	22	Quinn Stewart	3	confirmed	2024-11-14 06:32:14.138952+07
38	24	Riley Torres	5	confirmed	2024-11-14 06:32:14.138952+07
39	25	Sam Cooper	4	confirmed	2024-11-14 06:32:14.138952+07
40	26	Tina Perez	1	confirmed	2024-11-14 06:32:14.138952+07
41	27	Uma Morgan	5	confirmed	2024-11-14 06:32:14.138952+07
42	28	Victor Diaz	3	confirmed	2024-11-14 06:32:14.138952+07
43	1	Alice Johnson	4	confirmed	2024-11-14 06:32:14.898551+07
44	2	Bob Smith	3	confirmed	2024-11-14 06:32:14.898551+07
45	3	Charlie Lee	5	confirmed	2024-11-14 06:32:14.898551+07
46	4	David Brown	2	confirmed	2024-11-14 06:32:14.898551+07
47	6	Ella White	4	confirmed	2024-11-14 06:32:14.898551+07
48	7	Frank Green	3	confirmed	2024-11-14 06:32:14.898551+07
49	8	Grace Hall	1	confirmed	2024-11-14 06:32:14.898551+07
50	10	Henry Adams	5	confirmed	2024-11-14 06:32:14.898551+07
51	11	Isla Martin	2	confirmed	2024-11-14 06:32:14.898551+07
52	14	Jack Walker	4	confirmed	2024-11-14 06:32:14.898551+07
53	15	Lily Young	5	confirmed	2024-11-14 06:32:14.898551+07
54	18	Mason Wright	1	confirmed	2024-11-14 06:32:14.898551+07
55	19	Nora King	3	confirmed	2024-11-14 06:32:14.898551+07
56	20	Oliver Scott	5	confirmed	2024-11-14 06:32:14.898551+07
57	21	Parker Collins	2	confirmed	2024-11-14 06:32:14.898551+07
58	22	Quinn Stewart	3	confirmed	2024-11-14 06:32:14.898551+07
59	24	Riley Torres	5	confirmed	2024-11-14 06:32:14.898551+07
60	25	Sam Cooper	4	confirmed	2024-11-14 06:32:14.898551+07
61	26	Tina Perez	1	confirmed	2024-11-14 06:32:14.898551+07
62	27	Uma Morgan	5	confirmed	2024-11-14 06:32:14.898551+07
63	28	Victor Diaz	3	confirmed	2024-11-14 06:32:14.898551+07
64	1	Alice Johnson	4	confirmed	2024-11-14 06:32:15.305646+07
65	2	Bob Smith	3	confirmed	2024-11-14 06:32:15.305646+07
66	3	Charlie Lee	5	confirmed	2024-11-14 06:32:15.305646+07
67	4	David Brown	2	confirmed	2024-11-14 06:32:15.305646+07
68	6	Ella White	4	confirmed	2024-11-14 06:32:15.305646+07
69	7	Frank Green	3	confirmed	2024-11-14 06:32:15.305646+07
70	8	Grace Hall	1	confirmed	2024-11-14 06:32:15.305646+07
71	10	Henry Adams	5	confirmed	2024-11-14 06:32:15.305646+07
72	11	Isla Martin	2	confirmed	2024-11-14 06:32:15.305646+07
74	15	Lily Young	5	confirmed	2024-11-14 06:32:15.305646+07
75	18	Mason Wright	1	confirmed	2024-11-14 06:32:15.305646+07
76	19	Nora King	3	confirmed	2024-11-14 06:32:15.305646+07
77	20	Oliver Scott	5	confirmed	2024-11-14 06:32:15.305646+07
79	22	Quinn Stewart	3	confirmed	2024-11-14 06:32:15.305646+07
80	24	Riley Torres	5	confirmed	2024-11-14 06:32:15.305646+07
81	25	Sam Cooper	4	confirmed	2024-11-14 06:32:15.305646+07
82	26	Tina Perez	1	confirmed	2024-11-14 06:32:15.305646+07
83	27	Uma Morgan	5	confirmed	2024-11-14 06:32:15.305646+07
84	28	Victor Diaz	3	confirmed	2024-11-14 06:32:15.305646+07
85	1	Alice Johnson	4	confirmed	2024-11-14 06:32:15.485524+07
86	2	Bob Smith	3	confirmed	2024-11-14 06:32:15.485524+07
87	3	Charlie Lee	5	confirmed	2024-11-14 06:32:15.485524+07
88	4	David Brown	2	confirmed	2024-11-14 06:32:15.485524+07
89	6	Ella White	4	confirmed	2024-11-14 06:32:15.485524+07
91	8	Grace Hall	1	confirmed	2024-11-14 06:32:15.485524+07
92	10	Henry Adams	5	confirmed	2024-11-14 06:32:15.485524+07
93	11	Isla Martin	2	confirmed	2024-11-14 06:32:15.485524+07
94	14	Jack Walker	4	confirmed	2024-11-14 06:32:15.485524+07
95	15	Lily Young	5	confirmed	2024-11-14 06:32:15.485524+07
96	18	Mason Wright	1	confirmed	2024-11-14 06:32:15.485524+07
98	20	Oliver Scott	5	confirmed	2024-11-14 06:32:15.485524+07
100	22	Quinn Stewart	3	confirmed	2024-11-14 06:32:15.485524+07
101	24	Riley Torres	5	confirmed	2024-11-14 06:32:15.485524+07
102	25	Sam Cooper	4	confirmed	2024-11-14 06:32:15.485524+07
103	26	Tina Perez	1	confirmed	2024-11-14 06:32:15.485524+07
104	27	Uma Morgan	5	confirmed	2024-11-14 06:32:15.485524+07
105	28	Victor Diaz	3	confirmed	2024-11-14 06:32:15.485524+07
106	1	Alice Johnson	4	confirmed	2024-11-14 06:32:15.693764+07
107	2	Bob Smith	3	confirmed	2024-11-14 06:32:15.693764+07
108	3	Charlie Lee	5	confirmed	2024-11-14 06:32:15.693764+07
109	4	David Brown	2	confirmed	2024-11-14 06:32:15.693764+07
110	6	Ella White	4	confirmed	2024-11-14 06:32:15.693764+07
111	7	Frank Green	3	confirmed	2024-11-14 06:32:15.693764+07
113	10	Henry Adams	5	confirmed	2024-11-14 06:32:15.693764+07
115	14	Jack Walker	4	confirmed	2024-11-14 06:32:15.693764+07
116	15	Lily Young	5	confirmed	2024-11-14 06:32:15.693764+07
117	18	Mason Wright	1	confirmed	2024-11-14 06:32:15.693764+07
118	19	Nora King	3	confirmed	2024-11-14 06:32:15.693764+07
120	21	Parker Collins	2	confirmed	2024-11-14 06:32:15.693764+07
122	24	Riley Torres	5	confirmed	2024-11-14 06:32:15.693764+07
123	25	Sam Cooper	4	confirmed	2024-11-14 06:32:15.693764+07
124	26	Tina Perez	1	confirmed	2024-11-14 06:32:15.693764+07
125	27	Uma Morgan	5	confirmed	2024-11-14 06:32:15.693764+07
126	28	Victor Diaz	3	confirmed	2024-11-14 06:32:15.693764+07
128	2	Bob Smith	3	confirmed	2024-11-14 06:32:15.903646+07
129	3	Charlie Lee	5	confirmed	2024-11-14 06:32:15.903646+07
130	4	David Brown	2	confirmed	2024-11-14 06:32:15.903646+07
131	6	Ella White	4	confirmed	2024-11-14 06:32:15.903646+07
132	7	Frank Green	3	confirmed	2024-11-14 06:32:15.903646+07
134	10	Henry Adams	5	confirmed	2024-11-14 06:32:15.903646+07
135	11	Isla Martin	2	confirmed	2024-11-14 06:32:15.903646+07
136	14	Jack Walker	4	confirmed	2024-11-14 06:32:15.903646+07
137	15	Lily Young	5	confirmed	2024-11-14 06:32:15.903646+07
139	19	Nora King	3	confirmed	2024-11-14 06:32:15.903646+07
140	20	Oliver Scott	5	confirmed	2024-11-14 06:32:15.903646+07
141	21	Parker Collins	2	confirmed	2024-11-14 06:32:15.903646+07
142	22	Quinn Stewart	3	confirmed	2024-11-14 06:32:15.903646+07
143	24	Riley Torres	5	confirmed	2024-11-14 06:32:15.903646+07
144	25	Sam Cooper	4	confirmed	2024-11-14 06:32:15.903646+07
147	28	Victor Diaz	3	confirmed	2024-11-14 06:32:15.903646+07
148	1	Alice Johnson	4	confirmed	2024-11-14 06:32:16.073479+07
150	3	Charlie Lee	5	confirmed	2024-11-14 06:32:16.073479+07
152	6	Ella White	4	confirmed	2024-11-14 06:32:16.073479+07
153	7	Frank Green	3	confirmed	2024-11-14 06:32:16.073479+07
154	8	Grace Hall	1	confirmed	2024-11-14 06:32:16.073479+07
155	10	Henry Adams	5	confirmed	2024-11-14 06:32:16.073479+07
156	11	Isla Martin	2	confirmed	2024-11-14 06:32:16.073479+07
157	14	Jack Walker	4	confirmed	2024-11-14 06:32:16.073479+07
158	15	Lily Young	5	confirmed	2024-11-14 06:32:16.073479+07
159	18	Mason Wright	1	confirmed	2024-11-14 06:32:16.073479+07
161	20	Oliver Scott	5	confirmed	2024-11-14 06:32:16.073479+07
162	21	Parker Collins	2	confirmed	2024-11-14 06:32:16.073479+07
163	22	Quinn Stewart	3	confirmed	2024-11-14 06:32:16.073479+07
168	28	Victor Diaz	3	confirmed	2024-11-14 06:32:16.073479+07
169	1	Alice Johnson	4	confirmed	2024-11-14 06:32:16.266826+07
171	3	Charlie Lee	5	confirmed	2024-11-14 06:32:16.266826+07
173	6	Ella White	4	confirmed	2024-11-14 06:32:16.266826+07
174	7	Frank Green	3	confirmed	2024-11-14 06:32:16.266826+07
175	8	Grace Hall	1	confirmed	2024-11-14 06:32:16.266826+07
177	11	Isla Martin	2	confirmed	2024-11-14 06:32:16.266826+07
178	14	Jack Walker	4	confirmed	2024-11-14 06:32:16.266826+07
179	15	Lily Young	5	confirmed	2024-11-14 06:32:16.266826+07
180	18	Mason Wright	1	confirmed	2024-11-14 06:32:16.266826+07
181	19	Nora King	3	confirmed	2024-11-14 06:32:16.266826+07
182	20	Oliver Scott	5	confirmed	2024-11-14 06:32:16.266826+07
183	21	Parker Collins	2	confirmed	2024-11-14 06:32:16.266826+07
185	24	Riley Torres	5	confirmed	2024-11-14 06:32:16.266826+07
187	26	Tina Perez	1	confirmed	2024-11-14 06:32:16.266826+07
190	1	Alice Johnson	4	confirmed	2024-11-14 06:32:16.521283+07
191	2	Bob Smith	3	confirmed	2024-11-14 06:32:16.521283+07
192	3	Charlie Lee	5	confirmed	2024-11-14 06:32:16.521283+07
193	4	David Brown	2	confirmed	2024-11-14 06:32:16.521283+07
194	6	Ella White	4	confirmed	2024-11-14 06:32:16.521283+07
195	7	Frank Green	3	confirmed	2024-11-14 06:32:16.521283+07
196	8	Grace Hall	1	confirmed	2024-11-14 06:32:16.521283+07
197	10	Henry Adams	5	confirmed	2024-11-14 06:32:16.521283+07
198	11	Isla Martin	2	confirmed	2024-11-14 06:32:16.521283+07
199	14	Jack Walker	4	confirmed	2024-11-14 06:32:16.521283+07
200	15	Lily Young	5	confirmed	2024-11-14 06:32:16.521283+07
201	18	Mason Wright	1	confirmed	2024-11-14 06:32:16.521283+07
203	20	Oliver Scott	5	confirmed	2024-11-14 06:32:16.521283+07
204	21	Parker Collins	2	confirmed	2024-11-14 06:32:16.521283+07
205	22	Quinn Stewart	3	confirmed	2024-11-14 06:32:16.521283+07
206	24	Riley Torres	5	confirmed	2024-11-14 06:32:16.521283+07
207	25	Sam Cooper	4	confirmed	2024-11-14 06:32:16.521283+07
208	26	Tina Perez	1	confirmed	2024-11-14 06:32:16.521283+07
209	27	Uma Morgan	5	confirmed	2024-11-14 06:32:16.521283+07
210	28	Victor Diaz	3	confirmed	2024-11-14 06:32:16.521283+07
211	1	Alice Johnson	4	confirmed	2024-11-14 06:32:16.7418+07
212	2	Bob Smith	3	confirmed	2024-11-14 06:32:16.7418+07
213	3	Charlie Lee	5	confirmed	2024-11-14 06:32:16.7418+07
214	4	David Brown	2	confirmed	2024-11-14 06:32:16.7418+07
218	10	Henry Adams	5	confirmed	2024-11-14 06:32:16.7418+07
220	14	Jack Walker	4	confirmed	2024-11-14 06:32:16.7418+07
221	15	Lily Young	5	confirmed	2024-11-14 06:32:16.7418+07
222	18	Mason Wright	1	confirmed	2024-11-14 06:32:16.7418+07
223	19	Nora King	3	confirmed	2024-11-14 06:32:16.7418+07
224	20	Oliver Scott	5	confirmed	2024-11-14 06:32:16.7418+07
227	24	Riley Torres	5	confirmed	2024-11-14 06:32:16.7418+07
228	25	Sam Cooper	4	confirmed	2024-11-14 06:32:16.7418+07
231	28	Victor Diaz	3	confirmed	2024-11-14 06:32:16.7418+07
232	1	Alice Johnson	4	confirmed	2024-11-14 06:32:16.956757+07
233	2	Bob Smith	3	confirmed	2024-11-14 06:32:16.956757+07
234	3	Charlie Lee	5	confirmed	2024-11-14 06:32:16.956757+07
235	4	David Brown	2	confirmed	2024-11-14 06:32:16.956757+07
236	6	Ella White	4	confirmed	2024-11-14 06:32:16.956757+07
237	7	Frank Green	3	confirmed	2024-11-14 06:32:16.956757+07
238	8	Grace Hall	1	confirmed	2024-11-14 06:32:16.956757+07
239	10	Henry Adams	5	confirmed	2024-11-14 06:32:16.956757+07
240	11	Isla Martin	2	confirmed	2024-11-14 06:32:16.956757+07
241	14	Jack Walker	4	confirmed	2024-11-14 06:32:16.956757+07
146	27	Uma Morgan	\N	booked	2024-11-14 06:32:15.903646+07
245	20	Oliver Scott	5	confirmed	2024-11-14 06:32:16.956757+07
246	21	Parker Collins	2	confirmed	2024-11-14 06:32:16.956757+07
248	24	Riley Torres	5	confirmed	2024-11-14 06:32:16.956757+07
249	25	Sam Cooper	4	confirmed	2024-11-14 06:32:16.956757+07
250	26	Tina Perez	1	confirmed	2024-11-14 06:32:16.956757+07
251	27	Uma Morgan	5	confirmed	2024-11-14 06:32:16.956757+07
252	28	Victor Diaz	3	confirmed	2024-11-14 06:32:16.956757+07
253	1	Alice Johnson	4	confirmed	2024-11-14 06:32:17.154197+07
254	2	Bob Smith	3	confirmed	2024-11-14 06:32:17.154197+07
255	3	Charlie Lee	5	confirmed	2024-11-14 06:32:17.154197+07
256	4	David Brown	2	confirmed	2024-11-14 06:32:17.154197+07
257	6	Ella White	4	confirmed	2024-11-14 06:32:17.154197+07
258	7	Frank Green	3	confirmed	2024-11-14 06:32:17.154197+07
259	8	Grace Hall	1	confirmed	2024-11-14 06:32:17.154197+07
262	14	Jack Walker	4	confirmed	2024-11-14 06:32:17.154197+07
263	15	Lily Young	5	confirmed	2024-11-14 06:32:17.154197+07
264	18	Mason Wright	1	confirmed	2024-11-14 06:32:17.154197+07
265	19	Nora King	3	confirmed	2024-11-14 06:32:17.154197+07
266	20	Oliver Scott	5	confirmed	2024-11-14 06:32:17.154197+07
267	21	Parker Collins	2	confirmed	2024-11-14 06:32:17.154197+07
268	22	Quinn Stewart	3	confirmed	2024-11-14 06:32:17.154197+07
269	24	Riley Torres	5	confirmed	2024-11-14 06:32:17.154197+07
271	26	Tina Perez	1	confirmed	2024-11-14 06:32:17.154197+07
272	27	Uma Morgan	5	confirmed	2024-11-14 06:32:17.154197+07
275	2	Bob Smith	3	confirmed	2024-11-14 06:32:17.416942+07
276	3	Charlie Lee	5	confirmed	2024-11-14 06:32:17.416942+07
277	4	David Brown	2	confirmed	2024-11-14 06:32:17.416942+07
278	6	Ella White	4	confirmed	2024-11-14 06:32:17.416942+07
279	7	Frank Green	3	confirmed	2024-11-14 06:32:17.416942+07
280	8	Grace Hall	1	confirmed	2024-11-14 06:32:17.416942+07
281	10	Henry Adams	5	confirmed	2024-11-14 06:32:17.416942+07
282	11	Isla Martin	2	confirmed	2024-11-14 06:32:17.416942+07
283	14	Jack Walker	4	confirmed	2024-11-14 06:32:17.416942+07
284	15	Lily Young	5	confirmed	2024-11-14 06:32:17.416942+07
285	18	Mason Wright	1	confirmed	2024-11-14 06:32:17.416942+07
286	19	Nora King	3	confirmed	2024-11-14 06:32:17.416942+07
287	20	Oliver Scott	5	confirmed	2024-11-14 06:32:17.416942+07
289	22	Quinn Stewart	3	confirmed	2024-11-14 06:32:17.416942+07
290	24	Riley Torres	5	confirmed	2024-11-14 06:32:17.416942+07
291	25	Sam Cooper	4	confirmed	2024-11-14 06:32:17.416942+07
292	26	Tina Perez	1	confirmed	2024-11-14 06:32:17.416942+07
293	27	Uma Morgan	5	confirmed	2024-11-14 06:32:17.416942+07
295	1	Alice Johnson	4	confirmed	2024-11-14 06:32:17.547954+07
296	2	Bob Smith	3	confirmed	2024-11-14 06:32:17.547954+07
297	3	Charlie Lee	5	confirmed	2024-11-14 06:32:17.547954+07
299	6	Ella White	4	confirmed	2024-11-14 06:32:17.547954+07
300	7	Frank Green	3	confirmed	2024-11-14 06:32:17.547954+07
301	8	Grace Hall	1	confirmed	2024-11-14 06:32:17.547954+07
302	10	Henry Adams	5	confirmed	2024-11-14 06:32:17.547954+07
303	11	Isla Martin	2	confirmed	2024-11-14 06:32:17.547954+07
304	14	Jack Walker	4	confirmed	2024-11-14 06:32:17.547954+07
305	15	Lily Young	5	confirmed	2024-11-14 06:32:17.547954+07
306	18	Mason Wright	1	confirmed	2024-11-14 06:32:17.547954+07
307	19	Nora King	3	confirmed	2024-11-14 06:32:17.547954+07
308	20	Oliver Scott	5	confirmed	2024-11-14 06:32:17.547954+07
310	22	Quinn Stewart	3	confirmed	2024-11-14 06:32:17.547954+07
311	24	Riley Torres	5	confirmed	2024-11-14 06:32:17.547954+07
312	25	Sam Cooper	4	confirmed	2024-11-14 06:32:17.547954+07
313	26	Tina Perez	1	confirmed	2024-11-14 06:32:17.547954+07
314	27	Uma Morgan	5	confirmed	2024-11-14 06:32:17.547954+07
315	28	Victor Diaz	3	confirmed	2024-11-14 06:32:17.547954+07
317	2	Bob Smith	3	confirmed	2024-11-14 06:32:17.734562+07
318	3	Charlie Lee	5	confirmed	2024-11-14 06:32:17.734562+07
319	4	David Brown	2	confirmed	2024-11-14 06:32:17.734562+07
320	6	Ella White	4	confirmed	2024-11-14 06:32:17.734562+07
321	7	Frank Green	3	confirmed	2024-11-14 06:32:17.734562+07
322	8	Grace Hall	1	confirmed	2024-11-14 06:32:17.734562+07
323	10	Henry Adams	5	confirmed	2024-11-14 06:32:17.734562+07
324	11	Isla Martin	2	confirmed	2024-11-14 06:32:17.734562+07
325	14	Jack Walker	4	confirmed	2024-11-14 06:32:17.734562+07
326	15	Lily Young	5	confirmed	2024-11-14 06:32:17.734562+07
328	19	Nora King	3	confirmed	2024-11-14 06:32:17.734562+07
331	22	Quinn Stewart	3	confirmed	2024-11-14 06:32:17.734562+07
332	24	Riley Torres	5	confirmed	2024-11-14 06:32:17.734562+07
333	25	Sam Cooper	4	confirmed	2024-11-14 06:32:17.734562+07
334	26	Tina Perez	1	confirmed	2024-11-14 06:32:17.734562+07
335	27	Uma Morgan	5	confirmed	2024-11-14 06:32:17.734562+07
337	1	Alice Johnson	4	confirmed	2024-11-14 06:32:17.935942+07
338	2	Bob Smith	3	confirmed	2024-11-14 06:32:17.935942+07
341	6	Ella White	4	confirmed	2024-11-14 06:32:17.935942+07
342	7	Frank Green	3	confirmed	2024-11-14 06:32:17.935942+07
343	8	Grace Hall	1	confirmed	2024-11-14 06:32:17.935942+07
344	10	Henry Adams	5	confirmed	2024-11-14 06:32:17.935942+07
346	14	Jack Walker	4	confirmed	2024-11-14 06:32:17.935942+07
347	15	Lily Young	5	confirmed	2024-11-14 06:32:17.935942+07
348	18	Mason Wright	1	confirmed	2024-11-14 06:32:17.935942+07
349	19	Nora King	3	confirmed	2024-11-14 06:32:17.935942+07
350	20	Oliver Scott	5	confirmed	2024-11-14 06:32:17.935942+07
351	21	Parker Collins	2	confirmed	2024-11-14 06:32:17.935942+07
352	22	Quinn Stewart	3	confirmed	2024-11-14 06:32:17.935942+07
353	24	Riley Torres	5	confirmed	2024-11-14 06:32:17.935942+07
354	25	Sam Cooper	4	confirmed	2024-11-14 06:32:17.935942+07
355	26	Tina Perez	1	confirmed	2024-11-14 06:32:17.935942+07
356	27	Uma Morgan	5	confirmed	2024-11-14 06:32:17.935942+07
357	28	Victor Diaz	3	confirmed	2024-11-14 06:32:17.935942+07
358	1	Alice Johnson	4	confirmed	2024-11-14 06:32:18.140968+07
360	3	Charlie Lee	5	confirmed	2024-11-14 06:32:18.140968+07
361	4	David Brown	2	confirmed	2024-11-14 06:32:18.140968+07
364	8	Grace Hall	1	confirmed	2024-11-14 06:32:18.140968+07
365	10	Henry Adams	5	confirmed	2024-11-14 06:32:18.140968+07
366	11	Isla Martin	2	confirmed	2024-11-14 06:32:18.140968+07
367	14	Jack Walker	4	confirmed	2024-11-14 06:32:18.140968+07
368	15	Lily Young	5	confirmed	2024-11-14 06:32:18.140968+07
369	18	Mason Wright	1	confirmed	2024-11-14 06:32:18.140968+07
371	20	Oliver Scott	5	confirmed	2024-11-14 06:32:18.140968+07
373	22	Quinn Stewart	3	confirmed	2024-11-14 06:32:18.140968+07
374	24	Riley Torres	5	confirmed	2024-11-14 06:32:18.140968+07
375	25	Sam Cooper	4	confirmed	2024-11-14 06:32:18.140968+07
376	26	Tina Perez	1	confirmed	2024-11-14 06:32:18.140968+07
378	28	Victor Diaz	3	confirmed	2024-11-14 06:32:18.140968+07
379	1	Alice Johnson	4	confirmed	2024-11-14 06:32:18.333909+07
380	2	Bob Smith	3	confirmed	2024-11-14 06:32:18.333909+07
381	3	Charlie Lee	5	confirmed	2024-11-14 06:32:18.333909+07
382	4	David Brown	2	confirmed	2024-11-14 06:32:18.333909+07
383	6	Ella White	4	confirmed	2024-11-14 06:32:18.333909+07
385	8	Grace Hall	1	confirmed	2024-11-14 06:32:18.333909+07
387	11	Isla Martin	2	confirmed	2024-11-14 06:32:18.333909+07
388	14	Jack Walker	4	confirmed	2024-11-14 06:32:18.333909+07
389	15	Lily Young	5	confirmed	2024-11-14 06:32:18.333909+07
391	19	Nora King	3	confirmed	2024-11-14 06:32:18.333909+07
393	21	Parker Collins	2	confirmed	2024-11-14 06:32:18.333909+07
394	22	Quinn Stewart	3	confirmed	2024-11-14 06:32:18.333909+07
396	25	Sam Cooper	4	confirmed	2024-11-14 06:32:18.333909+07
397	26	Tina Perez	1	confirmed	2024-11-14 06:32:18.333909+07
398	27	Uma Morgan	5	confirmed	2024-11-14 06:32:18.333909+07
399	28	Victor Diaz	3	confirmed	2024-11-14 06:32:18.333909+07
400	1	Alice Johnson	4	confirmed	2024-11-14 06:32:18.523097+07
401	2	Bob Smith	3	confirmed	2024-11-14 06:32:18.523097+07
403	4	David Brown	2	confirmed	2024-11-14 06:32:18.523097+07
404	6	Ella White	4	confirmed	2024-11-14 06:32:18.523097+07
405	7	Frank Green	3	confirmed	2024-11-14 06:32:18.523097+07
406	8	Grace Hall	1	confirmed	2024-11-14 06:32:18.523097+07
407	10	Henry Adams	5	confirmed	2024-11-14 06:32:18.523097+07
408	11	Isla Martin	2	confirmed	2024-11-14 06:32:18.523097+07
409	14	Jack Walker	4	confirmed	2024-11-14 06:32:18.523097+07
410	15	Lily Young	5	confirmed	2024-11-14 06:32:18.523097+07
411	18	Mason Wright	1	confirmed	2024-11-14 06:32:18.523097+07
413	20	Oliver Scott	5	confirmed	2024-11-14 06:32:18.523097+07
414	21	Parker Collins	2	confirmed	2024-11-14 06:32:18.523097+07
417	25	Sam Cooper	4	confirmed	2024-11-14 06:32:18.523097+07
418	26	Tina Perez	1	confirmed	2024-11-14 06:32:18.523097+07
419	27	Uma Morgan	5	confirmed	2024-11-14 06:32:18.523097+07
420	28	Victor Diaz	3	confirmed	2024-11-14 06:32:18.523097+07
421	1	Alice Johnson	4	confirmed	2024-11-14 06:32:18.729524+07
423	3	Charlie Lee	5	confirmed	2024-11-14 06:32:18.729524+07
425	6	Ella White	4	confirmed	2024-11-14 06:32:18.729524+07
426	7	Frank Green	3	confirmed	2024-11-14 06:32:18.729524+07
427	8	Grace Hall	1	confirmed	2024-11-14 06:32:18.729524+07
428	10	Henry Adams	5	confirmed	2024-11-14 06:32:18.729524+07
429	11	Isla Martin	2	confirmed	2024-11-14 06:32:18.729524+07
430	14	Jack Walker	4	confirmed	2024-11-14 06:32:18.729524+07
431	15	Lily Young	5	confirmed	2024-11-14 06:32:18.729524+07
432	18	Mason Wright	1	confirmed	2024-11-14 06:32:18.729524+07
433	19	Nora King	3	confirmed	2024-11-14 06:32:18.729524+07
339	3	Charlie Lee	\N	booked	2024-11-14 06:32:17.935942+07
434	20	Oliver Scott	5	confirmed	2024-11-14 06:32:18.729524+07
435	21	Parker Collins	2	confirmed	2024-11-14 06:32:18.729524+07
436	22	Quinn Stewart	3	confirmed	2024-11-14 06:32:18.729524+07
437	24	Riley Torres	5	confirmed	2024-11-14 06:32:18.729524+07
440	27	Uma Morgan	5	confirmed	2024-11-14 06:32:18.729524+07
441	28	Victor Diaz	3	confirmed	2024-11-14 06:32:18.729524+07
444	3	Charlie Lee	5	confirmed	2024-11-14 06:32:18.921679+07
445	4	David Brown	2	confirmed	2024-11-14 06:32:18.921679+07
446	6	Ella White	4	confirmed	2024-11-14 06:32:18.921679+07
448	8	Grace Hall	1	confirmed	2024-11-14 06:32:18.921679+07
450	11	Isla Martin	2	confirmed	2024-11-14 06:32:18.921679+07
451	14	Jack Walker	4	confirmed	2024-11-14 06:32:18.921679+07
452	15	Lily Young	5	confirmed	2024-11-14 06:32:18.921679+07
453	18	Mason Wright	1	confirmed	2024-11-14 06:32:18.921679+07
456	21	Parker Collins	2	confirmed	2024-11-14 06:32:18.921679+07
457	22	Quinn Stewart	3	confirmed	2024-11-14 06:32:18.921679+07
458	24	Riley Torres	5	confirmed	2024-11-14 06:32:18.921679+07
461	27	Uma Morgan	5	confirmed	2024-11-14 06:32:18.921679+07
462	28	Victor Diaz	3	confirmed	2024-11-14 06:32:18.921679+07
463	1	Alice Johnson	4	confirmed	2024-11-14 06:32:19.105551+07
465	3	Charlie Lee	5	confirmed	2024-11-14 06:32:19.105551+07
466	4	David Brown	2	confirmed	2024-11-14 06:32:19.105551+07
467	6	Ella White	4	confirmed	2024-11-14 06:32:19.105551+07
468	7	Frank Green	3	confirmed	2024-11-14 06:32:19.105551+07
469	8	Grace Hall	1	confirmed	2024-11-14 06:32:19.105551+07
470	10	Henry Adams	5	confirmed	2024-11-14 06:32:19.105551+07
471	11	Isla Martin	2	confirmed	2024-11-14 06:32:19.105551+07
472	14	Jack Walker	4	confirmed	2024-11-14 06:32:19.105551+07
473	15	Lily Young	5	confirmed	2024-11-14 06:32:19.105551+07
474	18	Mason Wright	1	confirmed	2024-11-14 06:32:19.105551+07
475	19	Nora King	3	confirmed	2024-11-14 06:32:19.105551+07
477	21	Parker Collins	2	confirmed	2024-11-14 06:32:19.105551+07
479	24	Riley Torres	5	confirmed	2024-11-14 06:32:19.105551+07
480	25	Sam Cooper	4	confirmed	2024-11-14 06:32:19.105551+07
481	26	Tina Perez	1	confirmed	2024-11-14 06:32:19.105551+07
482	27	Uma Morgan	5	confirmed	2024-11-14 06:32:19.105551+07
484	1	Alice Johnson	4	confirmed	2024-11-14 06:32:19.31305+07
486	3	Charlie Lee	5	confirmed	2024-11-14 06:32:19.31305+07
487	4	David Brown	2	confirmed	2024-11-14 06:32:19.31305+07
488	6	Ella White	4	confirmed	2024-11-14 06:32:19.31305+07
489	7	Frank Green	3	confirmed	2024-11-14 06:32:19.31305+07
490	8	Grace Hall	1	confirmed	2024-11-14 06:32:19.31305+07
492	11	Isla Martin	2	confirmed	2024-11-14 06:32:19.31305+07
493	14	Jack Walker	4	confirmed	2024-11-14 06:32:19.31305+07
494	15	Lily Young	5	confirmed	2024-11-14 06:32:19.31305+07
496	19	Nora King	3	confirmed	2024-11-14 06:32:19.31305+07
498	21	Parker Collins	2	confirmed	2024-11-14 06:32:19.31305+07
499	22	Quinn Stewart	3	confirmed	2024-11-14 06:32:19.31305+07
500	24	Riley Torres	5	confirmed	2024-11-14 06:32:19.31305+07
501	25	Sam Cooper	4	confirmed	2024-11-14 06:32:19.31305+07
502	26	Tina Perez	1	confirmed	2024-11-14 06:32:19.31305+07
503	27	Uma Morgan	5	confirmed	2024-11-14 06:32:19.31305+07
505	1	Alice Johnson	4	confirmed	2024-11-14 06:32:19.50862+07
506	2	Bob Smith	3	confirmed	2024-11-14 06:32:19.50862+07
507	3	Charlie Lee	5	confirmed	2024-11-14 06:32:19.50862+07
508	4	David Brown	2	confirmed	2024-11-14 06:32:19.50862+07
509	6	Ella White	4	confirmed	2024-11-14 06:32:19.50862+07
510	7	Frank Green	3	confirmed	2024-11-14 06:32:19.50862+07
512	10	Henry Adams	5	confirmed	2024-11-14 06:32:19.50862+07
513	11	Isla Martin	2	confirmed	2024-11-14 06:32:19.50862+07
514	14	Jack Walker	4	confirmed	2024-11-14 06:32:19.50862+07
515	15	Lily Young	5	confirmed	2024-11-14 06:32:19.50862+07
517	19	Nora King	3	confirmed	2024-11-14 06:32:19.50862+07
518	20	Oliver Scott	5	confirmed	2024-11-14 06:32:19.50862+07
519	21	Parker Collins	2	confirmed	2024-11-14 06:32:19.50862+07
520	22	Quinn Stewart	3	confirmed	2024-11-14 06:32:19.50862+07
521	24	Riley Torres	5	confirmed	2024-11-14 06:32:19.50862+07
522	25	Sam Cooper	4	confirmed	2024-11-14 06:32:19.50862+07
523	26	Tina Perez	1	confirmed	2024-11-14 06:32:19.50862+07
524	27	Uma Morgan	5	confirmed	2024-11-14 06:32:19.50862+07
525	28	Victor Diaz	3	confirmed	2024-11-14 06:32:19.50862+07
526	1	Alice Johnson	4	confirmed	2024-11-14 06:32:19.712253+07
528	3	Charlie Lee	5	confirmed	2024-11-14 06:32:19.712253+07
530	6	Ella White	4	confirmed	2024-11-14 06:32:19.712253+07
532	8	Grace Hall	1	confirmed	2024-11-14 06:32:19.712253+07
533	10	Henry Adams	5	confirmed	2024-11-14 06:32:19.712253+07
534	11	Isla Martin	2	confirmed	2024-11-14 06:32:19.712253+07
535	14	Jack Walker	4	confirmed	2024-11-14 06:32:19.712253+07
536	15	Lily Young	5	confirmed	2024-11-14 06:32:19.712253+07
538	19	Nora King	3	confirmed	2024-11-14 06:32:19.712253+07
540	21	Parker Collins	2	confirmed	2024-11-14 06:32:19.712253+07
542	24	Riley Torres	5	confirmed	2024-11-14 06:32:19.712253+07
543	25	Sam Cooper	4	confirmed	2024-11-14 06:32:19.712253+07
544	26	Tina Perez	1	confirmed	2024-11-14 06:32:19.712253+07
545	27	Uma Morgan	5	confirmed	2024-11-14 06:32:19.712253+07
546	28	Victor Diaz	3	confirmed	2024-11-14 06:32:19.712253+07
547	1	Alice Johnson	4	confirmed	2024-11-14 06:32:19.918455+07
548	2	Bob Smith	3	confirmed	2024-11-14 06:32:19.918455+07
549	3	Charlie Lee	5	confirmed	2024-11-14 06:32:19.918455+07
550	4	David Brown	2	confirmed	2024-11-14 06:32:19.918455+07
551	6	Ella White	4	confirmed	2024-11-14 06:32:19.918455+07
552	7	Frank Green	3	confirmed	2024-11-14 06:32:19.918455+07
553	8	Grace Hall	1	confirmed	2024-11-14 06:32:19.918455+07
554	10	Henry Adams	5	confirmed	2024-11-14 06:32:19.918455+07
555	11	Isla Martin	2	confirmed	2024-11-14 06:32:19.918455+07
556	14	Jack Walker	4	confirmed	2024-11-14 06:32:19.918455+07
557	15	Lily Young	5	confirmed	2024-11-14 06:32:19.918455+07
558	18	Mason Wright	1	confirmed	2024-11-14 06:32:19.918455+07
559	19	Nora King	3	confirmed	2024-11-14 06:32:19.918455+07
560	20	Oliver Scott	5	confirmed	2024-11-14 06:32:19.918455+07
561	21	Parker Collins	2	confirmed	2024-11-14 06:32:19.918455+07
562	22	Quinn Stewart	3	confirmed	2024-11-14 06:32:19.918455+07
564	25	Sam Cooper	4	confirmed	2024-11-14 06:32:19.918455+07
565	26	Tina Perez	1	confirmed	2024-11-14 06:32:19.918455+07
566	27	Uma Morgan	5	confirmed	2024-11-14 06:32:19.918455+07
567	28	Victor Diaz	3	confirmed	2024-11-14 06:32:19.918455+07
568	1	Alice Johnson	4	confirmed	2024-11-14 06:32:20.104945+07
569	2	Bob Smith	3	confirmed	2024-11-14 06:32:20.104945+07
570	3	Charlie Lee	5	confirmed	2024-11-14 06:32:20.104945+07
571	4	David Brown	2	confirmed	2024-11-14 06:32:20.104945+07
572	6	Ella White	4	confirmed	2024-11-14 06:32:20.104945+07
573	7	Frank Green	3	confirmed	2024-11-14 06:32:20.104945+07
574	8	Grace Hall	1	confirmed	2024-11-14 06:32:20.104945+07
575	10	Henry Adams	5	confirmed	2024-11-14 06:32:20.104945+07
576	11	Isla Martin	2	confirmed	2024-11-14 06:32:20.104945+07
577	14	Jack Walker	4	confirmed	2024-11-14 06:32:20.104945+07
578	15	Lily Young	5	confirmed	2024-11-14 06:32:20.104945+07
580	19	Nora King	3	confirmed	2024-11-14 06:32:20.104945+07
581	20	Oliver Scott	5	confirmed	2024-11-14 06:32:20.104945+07
582	21	Parker Collins	2	confirmed	2024-11-14 06:32:20.104945+07
584	24	Riley Torres	5	confirmed	2024-11-14 06:32:20.104945+07
585	25	Sam Cooper	4	confirmed	2024-11-14 06:32:20.104945+07
586	26	Tina Perez	1	confirmed	2024-11-14 06:32:20.104945+07
588	28	Victor Diaz	3	confirmed	2024-11-14 06:32:20.104945+07
589	1	Alice Johnson	4	confirmed	2024-11-14 06:32:20.312664+07
590	2	Bob Smith	3	confirmed	2024-11-14 06:32:20.312664+07
591	3	Charlie Lee	5	confirmed	2024-11-14 06:32:20.312664+07
592	4	David Brown	2	confirmed	2024-11-14 06:32:20.312664+07
593	6	Ella White	4	confirmed	2024-11-14 06:32:20.312664+07
594	7	Frank Green	3	confirmed	2024-11-14 06:32:20.312664+07
595	8	Grace Hall	1	confirmed	2024-11-14 06:32:20.312664+07
596	10	Henry Adams	5	confirmed	2024-11-14 06:32:20.312664+07
597	11	Isla Martin	2	confirmed	2024-11-14 06:32:20.312664+07
599	15	Lily Young	5	confirmed	2024-11-14 06:32:20.312664+07
600	18	Mason Wright	1	confirmed	2024-11-14 06:32:20.312664+07
601	19	Nora King	3	confirmed	2024-11-14 06:32:20.312664+07
602	20	Oliver Scott	5	confirmed	2024-11-14 06:32:20.312664+07
604	22	Quinn Stewart	3	confirmed	2024-11-14 06:32:20.312664+07
605	24	Riley Torres	5	confirmed	2024-11-14 06:32:20.312664+07
606	25	Sam Cooper	4	confirmed	2024-11-14 06:32:20.312664+07
609	28	Victor Diaz	3	confirmed	2024-11-14 06:32:20.312664+07
611	2	Bob Smith	3	confirmed	2024-11-14 06:32:20.519415+07
612	3	Charlie Lee	5	confirmed	2024-11-14 06:32:20.519415+07
613	4	David Brown	2	confirmed	2024-11-14 06:32:20.519415+07
614	6	Ella White	4	confirmed	2024-11-14 06:32:20.519415+07
617	10	Henry Adams	5	confirmed	2024-11-14 06:32:20.519415+07
618	11	Isla Martin	2	confirmed	2024-11-14 06:32:20.519415+07
619	14	Jack Walker	4	confirmed	2024-11-14 06:32:20.519415+07
620	15	Lily Young	5	confirmed	2024-11-14 06:32:20.519415+07
621	18	Mason Wright	1	confirmed	2024-11-14 06:32:20.519415+07
623	20	Oliver Scott	5	confirmed	2024-11-14 06:32:20.519415+07
624	21	Parker Collins	2	confirmed	2024-11-14 06:32:20.519415+07
625	22	Quinn Stewart	3	confirmed	2024-11-14 06:32:20.519415+07
626	24	Riley Torres	5	confirmed	2024-11-14 06:32:20.519415+07
628	26	Tina Perez	1	confirmed	2024-11-14 06:32:20.519415+07
629	27	Uma Morgan	5	confirmed	2024-11-14 06:32:20.519415+07
630	28	Victor Diaz	3	confirmed	2024-11-14 06:32:20.519415+07
631	1	Alice Johnson	4	confirmed	2024-11-14 06:32:20.72296+07
632	2	Bob Smith	3	confirmed	2024-11-14 06:32:20.72296+07
633	3	Charlie Lee	5	confirmed	2024-11-14 06:32:20.72296+07
634	4	David Brown	2	confirmed	2024-11-14 06:32:20.72296+07
635	6	Ella White	4	confirmed	2024-11-14 06:32:20.72296+07
638	10	Henry Adams	5	confirmed	2024-11-14 06:32:20.72296+07
639	11	Isla Martin	2	confirmed	2024-11-14 06:32:20.72296+07
640	14	Jack Walker	4	confirmed	2024-11-14 06:32:20.72296+07
642	18	Mason Wright	1	confirmed	2024-11-14 06:32:20.72296+07
643	19	Nora King	3	confirmed	2024-11-14 06:32:20.72296+07
644	20	Oliver Scott	5	confirmed	2024-11-14 06:32:20.72296+07
646	22	Quinn Stewart	3	confirmed	2024-11-14 06:32:20.72296+07
650	27	Uma Morgan	5	confirmed	2024-11-14 06:32:20.72296+07
651	28	Victor Diaz	3	confirmed	2024-11-14 06:32:20.72296+07
652	1	Alice Johnson	4	confirmed	2024-11-14 06:32:20.922285+07
653	2	Bob Smith	3	confirmed	2024-11-14 06:32:20.922285+07
654	3	Charlie Lee	5	confirmed	2024-11-14 06:32:20.922285+07
655	4	David Brown	2	confirmed	2024-11-14 06:32:20.922285+07
656	6	Ella White	4	confirmed	2024-11-14 06:32:20.922285+07
657	7	Frank Green	3	confirmed	2024-11-14 06:32:20.922285+07
658	8	Grace Hall	1	confirmed	2024-11-14 06:32:20.922285+07
661	14	Jack Walker	4	confirmed	2024-11-14 06:32:20.922285+07
663	18	Mason Wright	1	confirmed	2024-11-14 06:32:20.922285+07
664	19	Nora King	3	confirmed	2024-11-14 06:32:20.922285+07
665	20	Oliver Scott	5	confirmed	2024-11-14 06:32:20.922285+07
666	21	Parker Collins	2	confirmed	2024-11-14 06:32:20.922285+07
667	22	Quinn Stewart	3	confirmed	2024-11-14 06:32:20.922285+07
668	24	Riley Torres	5	confirmed	2024-11-14 06:32:20.922285+07
669	25	Sam Cooper	4	confirmed	2024-11-14 06:32:20.922285+07
670	26	Tina Perez	1	confirmed	2024-11-14 06:32:20.922285+07
671	27	Uma Morgan	5	confirmed	2024-11-14 06:32:20.922285+07
672	28	Victor Diaz	3	confirmed	2024-11-14 06:32:20.922285+07
673	1	Alice Johnson	4	confirmed	2024-11-14 06:32:21.125863+07
674	2	Bob Smith	3	confirmed	2024-11-14 06:32:21.125863+07
675	3	Charlie Lee	5	confirmed	2024-11-14 06:32:21.125863+07
676	4	David Brown	2	confirmed	2024-11-14 06:32:21.125863+07
678	7	Frank Green	3	confirmed	2024-11-14 06:32:21.125863+07
680	10	Henry Adams	5	confirmed	2024-11-14 06:32:21.125863+07
681	11	Isla Martin	2	confirmed	2024-11-14 06:32:21.125863+07
682	14	Jack Walker	4	confirmed	2024-11-14 06:32:21.125863+07
683	15	Lily Young	5	confirmed	2024-11-14 06:32:21.125863+07
684	18	Mason Wright	1	confirmed	2024-11-14 06:32:21.125863+07
685	19	Nora King	3	confirmed	2024-11-14 06:32:21.125863+07
686	20	Oliver Scott	5	confirmed	2024-11-14 06:32:21.125863+07
687	21	Parker Collins	2	confirmed	2024-11-14 06:32:21.125863+07
688	22	Quinn Stewart	3	confirmed	2024-11-14 06:32:21.125863+07
691	26	Tina Perez	1	confirmed	2024-11-14 06:32:21.125863+07
692	27	Uma Morgan	5	confirmed	2024-11-14 06:32:21.125863+07
693	28	Victor Diaz	3	confirmed	2024-11-14 06:32:21.125863+07
694	1	Alice Johnson	4	confirmed	2024-11-14 06:32:21.321053+07
695	2	Bob Smith	3	confirmed	2024-11-14 06:32:21.321053+07
696	3	Charlie Lee	5	confirmed	2024-11-14 06:32:21.321053+07
697	4	David Brown	2	confirmed	2024-11-14 06:32:21.321053+07
698	6	Ella White	4	confirmed	2024-11-14 06:32:21.321053+07
701	10	Henry Adams	5	confirmed	2024-11-14 06:32:21.321053+07
702	11	Isla Martin	2	confirmed	2024-11-14 06:32:21.321053+07
705	18	Mason Wright	1	confirmed	2024-11-14 06:32:21.321053+07
706	19	Nora King	3	confirmed	2024-11-14 06:32:21.321053+07
707	20	Oliver Scott	5	confirmed	2024-11-14 06:32:21.321053+07
708	21	Parker Collins	2	confirmed	2024-11-14 06:32:21.321053+07
709	22	Quinn Stewart	3	confirmed	2024-11-14 06:32:21.321053+07
710	24	Riley Torres	5	confirmed	2024-11-14 06:32:21.321053+07
712	26	Tina Perez	1	confirmed	2024-11-14 06:32:21.321053+07
715	1	Alice Johnson	4	confirmed	2024-11-14 06:32:21.544111+07
716	2	Bob Smith	3	confirmed	2024-11-14 06:32:21.544111+07
717	3	Charlie Lee	5	confirmed	2024-11-14 06:32:21.544111+07
718	4	David Brown	2	confirmed	2024-11-14 06:32:21.544111+07
720	7	Frank Green	3	confirmed	2024-11-14 06:32:21.544111+07
721	8	Grace Hall	1	confirmed	2024-11-14 06:32:21.544111+07
627	25	Sam Cooper	\N	booked	2024-11-14 06:32:20.519415+07
722	10	Henry Adams	5	confirmed	2024-11-14 06:32:21.544111+07
725	15	Lily Young	5	confirmed	2024-11-14 06:32:21.544111+07
726	18	Mason Wright	1	confirmed	2024-11-14 06:32:21.544111+07
730	22	Quinn Stewart	3	confirmed	2024-11-14 06:32:21.544111+07
731	24	Riley Torres	5	confirmed	2024-11-14 06:32:21.544111+07
732	25	Sam Cooper	4	confirmed	2024-11-14 06:32:21.544111+07
733	26	Tina Perez	1	confirmed	2024-11-14 06:32:21.544111+07
734	27	Uma Morgan	5	confirmed	2024-11-14 06:32:21.544111+07
735	28	Victor Diaz	3	confirmed	2024-11-14 06:32:21.544111+07
736	1	Alice Johnson	4	confirmed	2024-11-14 06:32:21.807596+07
737	2	Bob Smith	3	confirmed	2024-11-14 06:32:21.807596+07
738	3	Charlie Lee	5	confirmed	2024-11-14 06:32:21.807596+07
739	4	David Brown	2	confirmed	2024-11-14 06:32:21.807596+07
740	6	Ella White	4	confirmed	2024-11-14 06:32:21.807596+07
741	7	Frank Green	3	confirmed	2024-11-14 06:32:21.807596+07
743	10	Henry Adams	5	confirmed	2024-11-14 06:32:21.807596+07
744	11	Isla Martin	2	confirmed	2024-11-14 06:32:21.807596+07
746	15	Lily Young	5	confirmed	2024-11-14 06:32:21.807596+07
748	19	Nora King	3	confirmed	2024-11-14 06:32:21.807596+07
749	20	Oliver Scott	5	confirmed	2024-11-14 06:32:21.807596+07
750	21	Parker Collins	2	confirmed	2024-11-14 06:32:21.807596+07
752	24	Riley Torres	5	confirmed	2024-11-14 06:32:21.807596+07
753	25	Sam Cooper	4	confirmed	2024-11-14 06:32:21.807596+07
754	26	Tina Perez	1	confirmed	2024-11-14 06:32:21.807596+07
756	28	Victor Diaz	3	confirmed	2024-11-14 06:32:21.807596+07
757	1	Alice Johnson	4	confirmed	2024-11-14 06:32:21.913272+07
758	2	Bob Smith	3	confirmed	2024-11-14 06:32:21.913272+07
759	3	Charlie Lee	5	confirmed	2024-11-14 06:32:21.913272+07
760	4	David Brown	2	confirmed	2024-11-14 06:32:21.913272+07
761	6	Ella White	4	confirmed	2024-11-14 06:32:21.913272+07
762	7	Frank Green	3	confirmed	2024-11-14 06:32:21.913272+07
763	8	Grace Hall	1	confirmed	2024-11-14 06:32:21.913272+07
764	10	Henry Adams	5	confirmed	2024-11-14 06:32:21.913272+07
767	15	Lily Young	5	confirmed	2024-11-14 06:32:21.913272+07
769	19	Nora King	3	confirmed	2024-11-14 06:32:21.913272+07
770	20	Oliver Scott	5	confirmed	2024-11-14 06:32:21.913272+07
771	21	Parker Collins	2	confirmed	2024-11-14 06:32:21.913272+07
773	24	Riley Torres	5	confirmed	2024-11-14 06:32:21.913272+07
774	25	Sam Cooper	4	confirmed	2024-11-14 06:32:21.913272+07
775	26	Tina Perez	1	confirmed	2024-11-14 06:32:21.913272+07
776	27	Uma Morgan	5	confirmed	2024-11-14 06:32:21.913272+07
777	28	Victor Diaz	3	confirmed	2024-11-14 06:32:21.913272+07
778	1	Alice Johnson	4	confirmed	2024-11-14 06:32:22.107415+07
779	2	Bob Smith	3	confirmed	2024-11-14 06:32:22.107415+07
781	4	David Brown	2	confirmed	2024-11-14 06:32:22.107415+07
782	6	Ella White	4	confirmed	2024-11-14 06:32:22.107415+07
783	7	Frank Green	3	confirmed	2024-11-14 06:32:22.107415+07
784	8	Grace Hall	1	confirmed	2024-11-14 06:32:22.107415+07
785	10	Henry Adams	5	confirmed	2024-11-14 06:32:22.107415+07
786	11	Isla Martin	2	confirmed	2024-11-14 06:32:22.107415+07
787	14	Jack Walker	4	confirmed	2024-11-14 06:32:22.107415+07
788	15	Lily Young	5	confirmed	2024-11-14 06:32:22.107415+07
789	18	Mason Wright	1	confirmed	2024-11-14 06:32:22.107415+07
790	19	Nora King	3	confirmed	2024-11-14 06:32:22.107415+07
791	20	Oliver Scott	5	confirmed	2024-11-14 06:32:22.107415+07
792	21	Parker Collins	2	confirmed	2024-11-14 06:32:22.107415+07
793	22	Quinn Stewart	3	confirmed	2024-11-14 06:32:22.107415+07
794	24	Riley Torres	5	confirmed	2024-11-14 06:32:22.107415+07
795	25	Sam Cooper	4	confirmed	2024-11-14 06:32:22.107415+07
796	26	Tina Perez	1	confirmed	2024-11-14 06:32:22.107415+07
797	27	Uma Morgan	5	confirmed	2024-11-14 06:32:22.107415+07
798	28	Victor Diaz	3	confirmed	2024-11-14 06:32:22.107415+07
799	1	Alice Johnson	4	confirmed	2024-11-14 06:32:22.303453+07
800	2	Bob Smith	3	confirmed	2024-11-14 06:32:22.303453+07
801	3	Charlie Lee	5	confirmed	2024-11-14 06:32:22.303453+07
803	6	Ella White	4	confirmed	2024-11-14 06:32:22.303453+07
804	7	Frank Green	3	confirmed	2024-11-14 06:32:22.303453+07
805	8	Grace Hall	1	confirmed	2024-11-14 06:32:22.303453+07
806	10	Henry Adams	5	confirmed	2024-11-14 06:32:22.303453+07
807	11	Isla Martin	2	confirmed	2024-11-14 06:32:22.303453+07
808	14	Jack Walker	4	confirmed	2024-11-14 06:32:22.303453+07
810	18	Mason Wright	1	confirmed	2024-11-14 06:32:22.303453+07
811	19	Nora King	3	confirmed	2024-11-14 06:32:22.303453+07
812	20	Oliver Scott	5	confirmed	2024-11-14 06:32:22.303453+07
813	21	Parker Collins	2	confirmed	2024-11-14 06:32:22.303453+07
814	22	Quinn Stewart	3	confirmed	2024-11-14 06:32:22.303453+07
815	24	Riley Torres	5	confirmed	2024-11-14 06:32:22.303453+07
816	25	Sam Cooper	4	confirmed	2024-11-14 06:32:22.303453+07
817	26	Tina Perez	1	confirmed	2024-11-14 06:32:22.303453+07
818	27	Uma Morgan	5	confirmed	2024-11-14 06:32:22.303453+07
819	28	Victor Diaz	3	confirmed	2024-11-14 06:32:22.303453+07
820	1	Alice Johnson	4	confirmed	2024-11-14 06:32:22.494601+07
821	2	Bob Smith	3	confirmed	2024-11-14 06:32:22.494601+07
823	4	David Brown	2	confirmed	2024-11-14 06:32:22.494601+07
824	6	Ella White	4	confirmed	2024-11-14 06:32:22.494601+07
825	7	Frank Green	3	confirmed	2024-11-14 06:32:22.494601+07
826	8	Grace Hall	1	confirmed	2024-11-14 06:32:22.494601+07
828	11	Isla Martin	2	confirmed	2024-11-14 06:32:22.494601+07
829	14	Jack Walker	4	confirmed	2024-11-14 06:32:22.494601+07
830	15	Lily Young	5	confirmed	2024-11-14 06:32:22.494601+07
831	18	Mason Wright	1	confirmed	2024-11-14 06:32:22.494601+07
832	19	Nora King	3	confirmed	2024-11-14 06:32:22.494601+07
833	20	Oliver Scott	5	confirmed	2024-11-14 06:32:22.494601+07
834	21	Parker Collins	2	confirmed	2024-11-14 06:32:22.494601+07
835	22	Quinn Stewart	3	confirmed	2024-11-14 06:32:22.494601+07
837	25	Sam Cooper	4	confirmed	2024-11-14 06:32:22.494601+07
838	26	Tina Perez	1	confirmed	2024-11-14 06:32:22.494601+07
840	28	Victor Diaz	3	confirmed	2024-11-14 06:32:22.494601+07
841	1	Alice Johnson	4	confirmed	2024-11-14 06:32:22.704551+07
842	2	Bob Smith	3	confirmed	2024-11-14 06:32:22.704551+07
843	3	Charlie Lee	5	confirmed	2024-11-14 06:32:22.704551+07
844	4	David Brown	2	confirmed	2024-11-14 06:32:22.704551+07
845	6	Ella White	4	confirmed	2024-11-14 06:32:22.704551+07
846	7	Frank Green	3	confirmed	2024-11-14 06:32:22.704551+07
848	10	Henry Adams	5	confirmed	2024-11-14 06:32:22.704551+07
850	14	Jack Walker	4	confirmed	2024-11-14 06:32:22.704551+07
851	15	Lily Young	5	confirmed	2024-11-14 06:32:22.704551+07
852	18	Mason Wright	1	confirmed	2024-11-14 06:32:22.704551+07
853	19	Nora King	3	confirmed	2024-11-14 06:32:22.704551+07
855	21	Parker Collins	2	confirmed	2024-11-14 06:32:22.704551+07
857	24	Riley Torres	5	confirmed	2024-11-14 06:32:22.704551+07
858	25	Sam Cooper	4	confirmed	2024-11-14 06:32:22.704551+07
859	26	Tina Perez	1	confirmed	2024-11-14 06:32:22.704551+07
860	27	Uma Morgan	5	confirmed	2024-11-14 06:32:22.704551+07
861	28	Victor Diaz	3	confirmed	2024-11-14 06:32:22.704551+07
862	1	Alice Johnson	4	confirmed	2024-11-14 06:32:22.92209+07
863	2	Bob Smith	3	confirmed	2024-11-14 06:32:22.92209+07
864	3	Charlie Lee	5	confirmed	2024-11-14 06:32:22.92209+07
865	4	David Brown	2	confirmed	2024-11-14 06:32:22.92209+07
866	6	Ella White	4	confirmed	2024-11-14 06:32:22.92209+07
868	8	Grace Hall	1	confirmed	2024-11-14 06:32:22.92209+07
869	10	Henry Adams	5	confirmed	2024-11-14 06:32:22.92209+07
870	11	Isla Martin	2	confirmed	2024-11-14 06:32:22.92209+07
871	14	Jack Walker	4	confirmed	2024-11-14 06:32:22.92209+07
872	15	Lily Young	5	confirmed	2024-11-14 06:32:22.92209+07
873	18	Mason Wright	1	confirmed	2024-11-14 06:32:22.92209+07
874	19	Nora King	3	confirmed	2024-11-14 06:32:22.92209+07
876	21	Parker Collins	2	confirmed	2024-11-14 06:32:22.92209+07
877	22	Quinn Stewart	3	confirmed	2024-11-14 06:32:22.92209+07
878	24	Riley Torres	5	confirmed	2024-11-14 06:32:22.92209+07
879	25	Sam Cooper	4	confirmed	2024-11-14 06:32:22.92209+07
880	26	Tina Perez	1	confirmed	2024-11-14 06:32:22.92209+07
881	27	Uma Morgan	5	confirmed	2024-11-14 06:32:22.92209+07
882	28	Victor Diaz	3	confirmed	2024-11-14 06:32:22.92209+07
884	2	Bob Smith	3	confirmed	2024-11-14 06:32:23.109821+07
885	3	Charlie Lee	5	confirmed	2024-11-14 06:32:23.109821+07
887	6	Ella White	4	confirmed	2024-11-14 06:32:23.109821+07
888	7	Frank Green	3	confirmed	2024-11-14 06:32:23.109821+07
890	10	Henry Adams	5	confirmed	2024-11-14 06:32:23.109821+07
891	11	Isla Martin	2	confirmed	2024-11-14 06:32:23.109821+07
892	14	Jack Walker	4	confirmed	2024-11-14 06:32:23.109821+07
894	18	Mason Wright	1	confirmed	2024-11-14 06:32:23.109821+07
895	19	Nora King	3	confirmed	2024-11-14 06:32:23.109821+07
896	20	Oliver Scott	5	confirmed	2024-11-14 06:32:23.109821+07
897	21	Parker Collins	2	confirmed	2024-11-14 06:32:23.109821+07
898	22	Quinn Stewart	3	confirmed	2024-11-14 06:32:23.109821+07
900	25	Sam Cooper	4	confirmed	2024-11-14 06:32:23.109821+07
901	26	Tina Perez	1	confirmed	2024-11-14 06:32:23.109821+07
903	28	Victor Diaz	3	confirmed	2024-11-14 06:32:23.109821+07
904	1	Alice Johnson	4	confirmed	2024-11-14 06:32:44.714922+07
905	2	Bob Smith	3	confirmed	2024-11-14 06:32:44.714922+07
906	3	Charlie Lee	5	confirmed	2024-11-14 06:32:44.714922+07
907	4	David Brown	2	confirmed	2024-11-14 06:32:44.714922+07
908	6	Ella White	4	confirmed	2024-11-14 06:32:44.714922+07
910	8	Grace Hall	1	confirmed	2024-11-14 06:32:44.714922+07
911	10	Henry Adams	5	confirmed	2024-11-14 06:32:44.714922+07
912	11	Isla Martin	2	confirmed	2024-11-14 06:32:44.714922+07
913	14	Jack Walker	4	confirmed	2024-11-14 06:32:44.714922+07
822	3	Charlie Lee	\N	booked	2024-11-14 06:32:22.494601+07
915	18	Mason Wright	1	confirmed	2024-11-14 06:32:44.714922+07
916	19	Nora King	3	confirmed	2024-11-14 06:32:44.714922+07
917	20	Oliver Scott	5	confirmed	2024-11-14 06:32:44.714922+07
918	21	Parker Collins	2	confirmed	2024-11-14 06:32:44.714922+07
919	22	Quinn Stewart	3	confirmed	2024-11-14 06:32:44.714922+07
920	24	Riley Torres	5	confirmed	2024-11-14 06:32:44.714922+07
921	25	Sam Cooper	4	confirmed	2024-11-14 06:32:44.714922+07
922	26	Tina Perez	1	confirmed	2024-11-14 06:32:44.714922+07
924	28	Victor Diaz	3	confirmed	2024-11-14 06:32:44.714922+07
925	1	Alice Johnson	4	confirmed	2024-11-14 06:32:44.926562+07
926	2	Bob Smith	3	confirmed	2024-11-14 06:32:44.926562+07
927	3	Charlie Lee	5	confirmed	2024-11-14 06:32:44.926562+07
928	4	David Brown	2	confirmed	2024-11-14 06:32:44.926562+07
929	6	Ella White	4	confirmed	2024-11-14 06:32:44.926562+07
930	7	Frank Green	3	confirmed	2024-11-14 06:32:44.926562+07
931	8	Grace Hall	1	confirmed	2024-11-14 06:32:44.926562+07
932	10	Henry Adams	5	confirmed	2024-11-14 06:32:44.926562+07
933	11	Isla Martin	2	confirmed	2024-11-14 06:32:44.926562+07
934	14	Jack Walker	4	confirmed	2024-11-14 06:32:44.926562+07
935	15	Lily Young	5	confirmed	2024-11-14 06:32:44.926562+07
937	19	Nora King	3	confirmed	2024-11-14 06:32:44.926562+07
938	20	Oliver Scott	5	confirmed	2024-11-14 06:32:44.926562+07
942	25	Sam Cooper	4	confirmed	2024-11-14 06:32:44.926562+07
943	26	Tina Perez	1	confirmed	2024-11-14 06:32:44.926562+07
944	27	Uma Morgan	5	confirmed	2024-11-14 06:32:44.926562+07
945	28	Victor Diaz	3	confirmed	2024-11-14 06:32:44.926562+07
946	1	Alice Johnson	4	confirmed	2024-11-14 06:32:45.086642+07
948	3	Charlie Lee	5	confirmed	2024-11-14 06:32:45.086642+07
950	6	Ella White	4	confirmed	2024-11-14 06:32:45.086642+07
951	7	Frank Green	3	confirmed	2024-11-14 06:32:45.086642+07
953	10	Henry Adams	5	confirmed	2024-11-14 06:32:45.086642+07
954	11	Isla Martin	2	confirmed	2024-11-14 06:32:45.086642+07
955	14	Jack Walker	4	confirmed	2024-11-14 06:32:45.086642+07
956	15	Lily Young	5	confirmed	2024-11-14 06:32:45.086642+07
957	18	Mason Wright	1	confirmed	2024-11-14 06:32:45.086642+07
958	19	Nora King	3	confirmed	2024-11-14 06:32:45.086642+07
960	21	Parker Collins	2	confirmed	2024-11-14 06:32:45.086642+07
961	22	Quinn Stewart	3	confirmed	2024-11-14 06:32:45.086642+07
962	24	Riley Torres	5	confirmed	2024-11-14 06:32:45.086642+07
963	25	Sam Cooper	4	confirmed	2024-11-14 06:32:45.086642+07
964	26	Tina Perez	1	confirmed	2024-11-14 06:32:45.086642+07
965	27	Uma Morgan	5	confirmed	2024-11-14 06:32:45.086642+07
966	28	Victor Diaz	3	confirmed	2024-11-14 06:32:45.086642+07
968	2	Bob Smith	3	confirmed	2024-11-14 06:32:45.263416+07
969	3	Charlie Lee	5	confirmed	2024-11-14 06:32:45.263416+07
970	4	David Brown	2	confirmed	2024-11-14 06:32:45.263416+07
972	7	Frank Green	3	confirmed	2024-11-14 06:32:45.263416+07
973	8	Grace Hall	1	confirmed	2024-11-14 06:32:45.263416+07
974	10	Henry Adams	5	confirmed	2024-11-14 06:32:45.263416+07
976	14	Jack Walker	4	confirmed	2024-11-14 06:32:45.263416+07
978	18	Mason Wright	1	confirmed	2024-11-14 06:32:45.263416+07
979	19	Nora King	3	confirmed	2024-11-14 06:32:45.263416+07
980	20	Oliver Scott	5	confirmed	2024-11-14 06:32:45.263416+07
981	21	Parker Collins	2	confirmed	2024-11-14 06:32:45.263416+07
982	22	Quinn Stewart	3	confirmed	2024-11-14 06:32:45.263416+07
983	24	Riley Torres	5	confirmed	2024-11-14 06:32:45.263416+07
984	25	Sam Cooper	4	confirmed	2024-11-14 06:32:45.263416+07
985	26	Tina Perez	1	confirmed	2024-11-14 06:32:45.263416+07
986	27	Uma Morgan	5	confirmed	2024-11-14 06:32:45.263416+07
987	28	Victor Diaz	3	confirmed	2024-11-14 06:32:45.263416+07
989	2	Bob Smith	3	confirmed	2024-11-14 06:32:45.446163+07
990	3	Charlie Lee	5	confirmed	2024-11-14 06:32:45.446163+07
991	4	David Brown	2	confirmed	2024-11-14 06:32:45.446163+07
992	6	Ella White	4	confirmed	2024-11-14 06:32:45.446163+07
993	7	Frank Green	3	confirmed	2024-11-14 06:32:45.446163+07
994	8	Grace Hall	1	confirmed	2024-11-14 06:32:45.446163+07
995	10	Henry Adams	5	confirmed	2024-11-14 06:32:45.446163+07
996	11	Isla Martin	2	confirmed	2024-11-14 06:32:45.446163+07
999	18	Mason Wright	1	confirmed	2024-11-14 06:32:45.446163+07
1000	19	Nora King	3	confirmed	2024-11-14 06:32:45.446163+07
1002	21	Parker Collins	2	confirmed	2024-11-14 06:32:45.446163+07
1003	22	Quinn Stewart	3	confirmed	2024-11-14 06:32:45.446163+07
1004	24	Riley Torres	5	confirmed	2024-11-14 06:32:45.446163+07
1005	25	Sam Cooper	4	confirmed	2024-11-14 06:32:45.446163+07
1006	26	Tina Perez	1	confirmed	2024-11-14 06:32:45.446163+07
1008	28	Victor Diaz	3	confirmed	2024-11-14 06:32:45.446163+07
1009	1	Alice Johnson	4	confirmed	2024-11-14 06:32:45.631026+07
1010	2	Bob Smith	3	confirmed	2024-11-14 06:32:45.631026+07
1011	3	Charlie Lee	5	confirmed	2024-11-14 06:32:45.631026+07
1012	4	David Brown	2	confirmed	2024-11-14 06:32:45.631026+07
1013	6	Ella White	4	confirmed	2024-11-14 06:32:45.631026+07
1014	7	Frank Green	3	confirmed	2024-11-14 06:32:45.631026+07
1016	10	Henry Adams	5	confirmed	2024-11-14 06:32:45.631026+07
1017	11	Isla Martin	2	confirmed	2024-11-14 06:32:45.631026+07
1018	14	Jack Walker	4	confirmed	2024-11-14 06:32:45.631026+07
1020	18	Mason Wright	1	confirmed	2024-11-14 06:32:45.631026+07
1021	19	Nora King	3	confirmed	2024-11-14 06:32:45.631026+07
1022	20	Oliver Scott	5	confirmed	2024-11-14 06:32:45.631026+07
1023	21	Parker Collins	2	confirmed	2024-11-14 06:32:45.631026+07
1024	22	Quinn Stewart	3	confirmed	2024-11-14 06:32:45.631026+07
1025	24	Riley Torres	5	confirmed	2024-11-14 06:32:45.631026+07
1026	25	Sam Cooper	4	confirmed	2024-11-14 06:32:45.631026+07
1027	26	Tina Perez	1	confirmed	2024-11-14 06:32:45.631026+07
1028	27	Uma Morgan	5	confirmed	2024-11-14 06:32:45.631026+07
1029	28	Victor Diaz	3	confirmed	2024-11-14 06:32:45.631026+07
1030	1	Alice Johnson	4	confirmed	2024-11-14 06:32:45.804773+07
1031	2	Bob Smith	3	confirmed	2024-11-14 06:32:45.804773+07
1032	3	Charlie Lee	5	confirmed	2024-11-14 06:32:45.804773+07
1034	6	Ella White	4	confirmed	2024-11-14 06:32:45.804773+07
1037	10	Henry Adams	5	confirmed	2024-11-14 06:32:45.804773+07
1038	11	Isla Martin	2	confirmed	2024-11-14 06:32:45.804773+07
1040	15	Lily Young	5	confirmed	2024-11-14 06:32:45.804773+07
1041	18	Mason Wright	1	confirmed	2024-11-14 06:32:45.804773+07
1042	19	Nora King	3	confirmed	2024-11-14 06:32:45.804773+07
1044	21	Parker Collins	2	confirmed	2024-11-14 06:32:45.804773+07
1046	24	Riley Torres	5	confirmed	2024-11-14 06:32:45.804773+07
1047	25	Sam Cooper	4	confirmed	2024-11-14 06:32:45.804773+07
1048	26	Tina Perez	1	confirmed	2024-11-14 06:32:45.804773+07
1049	27	Uma Morgan	5	confirmed	2024-11-14 06:32:45.804773+07
1050	28	Victor Diaz	3	confirmed	2024-11-14 06:32:45.804773+07
1051	1	Alice Johnson	4	confirmed	2024-11-14 06:32:45.975913+07
1052	2	Bob Smith	3	confirmed	2024-11-14 06:32:45.975913+07
1054	4	David Brown	2	confirmed	2024-11-14 06:32:45.975913+07
1055	6	Ella White	4	confirmed	2024-11-14 06:32:45.975913+07
1056	7	Frank Green	3	confirmed	2024-11-14 06:32:45.975913+07
1057	8	Grace Hall	1	confirmed	2024-11-14 06:32:45.975913+07
1058	10	Henry Adams	5	confirmed	2024-11-14 06:32:45.975913+07
1059	11	Isla Martin	2	confirmed	2024-11-14 06:32:45.975913+07
1060	14	Jack Walker	4	confirmed	2024-11-14 06:32:45.975913+07
1061	15	Lily Young	5	confirmed	2024-11-14 06:32:45.975913+07
1062	18	Mason Wright	1	confirmed	2024-11-14 06:32:45.975913+07
1063	19	Nora King	3	confirmed	2024-11-14 06:32:45.975913+07
1064	20	Oliver Scott	5	confirmed	2024-11-14 06:32:45.975913+07
1065	21	Parker Collins	2	confirmed	2024-11-14 06:32:45.975913+07
1066	22	Quinn Stewart	3	confirmed	2024-11-14 06:32:45.975913+07
1067	24	Riley Torres	5	confirmed	2024-11-14 06:32:45.975913+07
1070	27	Uma Morgan	5	confirmed	2024-11-14 06:32:45.975913+07
1071	28	Victor Diaz	3	confirmed	2024-11-14 06:32:45.975913+07
1072	1	Alice Johnson	4	confirmed	2024-11-14 06:32:46.172351+07
1074	3	Charlie Lee	5	confirmed	2024-11-14 06:32:46.172351+07
1075	4	David Brown	2	confirmed	2024-11-14 06:32:46.172351+07
1076	6	Ella White	4	confirmed	2024-11-14 06:32:46.172351+07
1077	7	Frank Green	3	confirmed	2024-11-14 06:32:46.172351+07
1078	8	Grace Hall	1	confirmed	2024-11-14 06:32:46.172351+07
1079	10	Henry Adams	5	confirmed	2024-11-14 06:32:46.172351+07
1080	11	Isla Martin	2	confirmed	2024-11-14 06:32:46.172351+07
1081	14	Jack Walker	4	confirmed	2024-11-14 06:32:46.172351+07
1082	15	Lily Young	5	confirmed	2024-11-14 06:32:46.172351+07
1083	18	Mason Wright	1	confirmed	2024-11-14 06:32:46.172351+07
1084	19	Nora King	3	confirmed	2024-11-14 06:32:46.172351+07
1087	22	Quinn Stewart	3	confirmed	2024-11-14 06:32:46.172351+07
1090	26	Tina Perez	1	confirmed	2024-11-14 06:32:46.172351+07
1091	27	Uma Morgan	5	confirmed	2024-11-14 06:32:46.172351+07
1093	1	Alice Johnson	4	confirmed	2024-11-14 06:32:46.337651+07
1094	2	Bob Smith	3	confirmed	2024-11-14 06:32:46.337651+07
1095	3	Charlie Lee	5	confirmed	2024-11-14 06:32:46.337651+07
1096	4	David Brown	2	confirmed	2024-11-14 06:32:46.337651+07
1097	6	Ella White	4	confirmed	2024-11-14 06:32:46.337651+07
1100	10	Henry Adams	5	confirmed	2024-11-14 06:32:46.337651+07
1101	11	Isla Martin	2	confirmed	2024-11-14 06:32:46.337651+07
1102	14	Jack Walker	4	confirmed	2024-11-14 06:32:46.337651+07
1103	15	Lily Young	5	confirmed	2024-11-14 06:32:46.337651+07
1105	19	Nora King	3	confirmed	2024-11-14 06:32:46.337651+07
1015	8	Grace Hall	\N	booked	2024-11-14 06:32:45.631026+07
1106	20	Oliver Scott	5	confirmed	2024-11-14 06:32:46.337651+07
1107	21	Parker Collins	2	confirmed	2024-11-14 06:32:46.337651+07
1108	22	Quinn Stewart	3	confirmed	2024-11-14 06:32:46.337651+07
1109	24	Riley Torres	5	confirmed	2024-11-14 06:32:46.337651+07
1110	25	Sam Cooper	4	confirmed	2024-11-14 06:32:46.337651+07
1111	26	Tina Perez	1	confirmed	2024-11-14 06:32:46.337651+07
1112	27	Uma Morgan	5	confirmed	2024-11-14 06:32:46.337651+07
1113	28	Victor Diaz	3	confirmed	2024-11-14 06:32:46.337651+07
1114	1	Alice Johnson	4	confirmed	2024-11-14 06:32:46.529526+07
1115	2	Bob Smith	3	confirmed	2024-11-14 06:32:46.529526+07
1116	3	Charlie Lee	5	confirmed	2024-11-14 06:32:46.529526+07
1117	4	David Brown	2	confirmed	2024-11-14 06:32:46.529526+07
1118	6	Ella White	4	confirmed	2024-11-14 06:32:46.529526+07
1119	7	Frank Green	3	confirmed	2024-11-14 06:32:46.529526+07
1120	8	Grace Hall	1	confirmed	2024-11-14 06:32:46.529526+07
1121	10	Henry Adams	5	confirmed	2024-11-14 06:32:46.529526+07
1122	11	Isla Martin	2	confirmed	2024-11-14 06:32:46.529526+07
1123	14	Jack Walker	4	confirmed	2024-11-14 06:32:46.529526+07
1124	15	Lily Young	5	confirmed	2024-11-14 06:32:46.529526+07
1126	19	Nora King	3	confirmed	2024-11-14 06:32:46.529526+07
1127	20	Oliver Scott	5	confirmed	2024-11-14 06:32:46.529526+07
1128	21	Parker Collins	2	confirmed	2024-11-14 06:32:46.529526+07
1129	22	Quinn Stewart	3	confirmed	2024-11-14 06:32:46.529526+07
1130	24	Riley Torres	5	confirmed	2024-11-14 06:32:46.529526+07
1131	25	Sam Cooper	4	confirmed	2024-11-14 06:32:46.529526+07
1132	26	Tina Perez	1	confirmed	2024-11-14 06:32:46.529526+07
1133	27	Uma Morgan	5	confirmed	2024-11-14 06:32:46.529526+07
1135	1	Alice Johnson	4	confirmed	2024-11-14 06:32:46.720611+07
1136	2	Bob Smith	3	confirmed	2024-11-14 06:32:46.720611+07
1139	6	Ella White	4	confirmed	2024-11-14 06:32:46.720611+07
1140	7	Frank Green	3	confirmed	2024-11-14 06:32:46.720611+07
1141	8	Grace Hall	1	confirmed	2024-11-14 06:32:46.720611+07
1142	10	Henry Adams	5	confirmed	2024-11-14 06:32:46.720611+07
1143	11	Isla Martin	2	confirmed	2024-11-14 06:32:46.720611+07
1144	14	Jack Walker	4	confirmed	2024-11-14 06:32:46.720611+07
1146	18	Mason Wright	1	confirmed	2024-11-14 06:32:46.720611+07
1147	19	Nora King	3	confirmed	2024-11-14 06:32:46.720611+07
1148	20	Oliver Scott	5	confirmed	2024-11-14 06:32:46.720611+07
1149	21	Parker Collins	2	confirmed	2024-11-14 06:32:46.720611+07
1152	25	Sam Cooper	4	confirmed	2024-11-14 06:32:46.720611+07
1154	27	Uma Morgan	5	confirmed	2024-11-14 06:32:46.720611+07
1155	28	Victor Diaz	3	confirmed	2024-11-14 06:32:46.720611+07
1156	1	Alice Johnson	4	confirmed	2024-11-14 06:32:46.914898+07
1157	2	Bob Smith	3	confirmed	2024-11-14 06:32:46.914898+07
1158	3	Charlie Lee	5	confirmed	2024-11-14 06:32:46.914898+07
1159	4	David Brown	2	confirmed	2024-11-14 06:32:46.914898+07
1160	6	Ella White	4	confirmed	2024-11-14 06:32:46.914898+07
1161	7	Frank Green	3	confirmed	2024-11-14 06:32:46.914898+07
1162	8	Grace Hall	1	confirmed	2024-11-14 06:32:46.914898+07
1163	10	Henry Adams	5	confirmed	2024-11-14 06:32:46.914898+07
1165	14	Jack Walker	4	confirmed	2024-11-14 06:32:46.914898+07
1167	18	Mason Wright	1	confirmed	2024-11-14 06:32:46.914898+07
1168	19	Nora King	3	confirmed	2024-11-14 06:32:46.914898+07
1169	20	Oliver Scott	5	confirmed	2024-11-14 06:32:46.914898+07
1170	21	Parker Collins	2	confirmed	2024-11-14 06:32:46.914898+07
1171	22	Quinn Stewart	3	confirmed	2024-11-14 06:32:46.914898+07
1172	24	Riley Torres	5	confirmed	2024-11-14 06:32:46.914898+07
1174	26	Tina Perez	1	confirmed	2024-11-14 06:32:46.914898+07
1175	27	Uma Morgan	5	confirmed	2024-11-14 06:32:46.914898+07
1176	28	Victor Diaz	3	confirmed	2024-11-14 06:32:46.914898+07
1177	1	Alice Johnson	4	confirmed	2024-11-14 06:32:47.108809+07
1178	2	Bob Smith	3	confirmed	2024-11-14 06:32:47.108809+07
1179	3	Charlie Lee	5	confirmed	2024-11-14 06:32:47.108809+07
1182	7	Frank Green	3	confirmed	2024-11-14 06:32:47.108809+07
1183	8	Grace Hall	1	confirmed	2024-11-14 06:32:47.108809+07
1185	11	Isla Martin	2	confirmed	2024-11-14 06:32:47.108809+07
1187	15	Lily Young	5	confirmed	2024-11-14 06:32:47.108809+07
1188	18	Mason Wright	1	confirmed	2024-11-14 06:32:47.108809+07
1189	19	Nora King	3	confirmed	2024-11-14 06:32:47.108809+07
1190	20	Oliver Scott	5	confirmed	2024-11-14 06:32:47.108809+07
1191	21	Parker Collins	2	confirmed	2024-11-14 06:32:47.108809+07
1192	22	Quinn Stewart	3	confirmed	2024-11-14 06:32:47.108809+07
1194	25	Sam Cooper	4	confirmed	2024-11-14 06:32:47.108809+07
1195	26	Tina Perez	1	confirmed	2024-11-14 06:32:47.108809+07
1196	27	Uma Morgan	5	confirmed	2024-11-14 06:32:47.108809+07
1197	28	Victor Diaz	3	confirmed	2024-11-14 06:32:47.108809+07
1200	3	Charlie Lee	5	confirmed	2024-11-14 06:32:47.289183+07
1201	4	David Brown	2	confirmed	2024-11-14 06:32:47.289183+07
1206	11	Isla Martin	2	confirmed	2024-11-14 06:32:47.289183+07
1208	15	Lily Young	5	confirmed	2024-11-14 06:32:47.289183+07
1209	18	Mason Wright	1	confirmed	2024-11-14 06:32:47.289183+07
1210	19	Nora King	3	confirmed	2024-11-14 06:32:47.289183+07
1211	20	Oliver Scott	5	confirmed	2024-11-14 06:32:47.289183+07
1212	21	Parker Collins	2	confirmed	2024-11-14 06:32:47.289183+07
1213	22	Quinn Stewart	3	confirmed	2024-11-14 06:32:47.289183+07
1214	24	Riley Torres	5	confirmed	2024-11-14 06:32:47.289183+07
1215	25	Sam Cooper	4	confirmed	2024-11-14 06:32:47.289183+07
1216	26	Tina Perez	1	confirmed	2024-11-14 06:32:47.289183+07
1217	27	Uma Morgan	5	confirmed	2024-11-14 06:32:47.289183+07
1218	28	Victor Diaz	3	confirmed	2024-11-14 06:32:47.289183+07
1219	1	Alice Johnson	4	confirmed	2024-11-14 06:32:47.491011+07
1220	2	Bob Smith	3	confirmed	2024-11-14 06:32:47.491011+07
1221	3	Charlie Lee	5	confirmed	2024-11-14 06:32:47.491011+07
1222	4	David Brown	2	confirmed	2024-11-14 06:32:47.491011+07
1224	7	Frank Green	3	confirmed	2024-11-14 06:32:47.491011+07
1225	8	Grace Hall	1	confirmed	2024-11-14 06:32:47.491011+07
1226	10	Henry Adams	5	confirmed	2024-11-14 06:32:47.491011+07
1227	11	Isla Martin	2	confirmed	2024-11-14 06:32:47.491011+07
1228	14	Jack Walker	4	confirmed	2024-11-14 06:32:47.491011+07
1229	15	Lily Young	5	confirmed	2024-11-14 06:32:47.491011+07
1230	18	Mason Wright	1	confirmed	2024-11-14 06:32:47.491011+07
1231	19	Nora King	3	confirmed	2024-11-14 06:32:47.491011+07
1232	20	Oliver Scott	5	confirmed	2024-11-14 06:32:47.491011+07
1233	21	Parker Collins	2	confirmed	2024-11-14 06:32:47.491011+07
1234	22	Quinn Stewart	3	confirmed	2024-11-14 06:32:47.491011+07
1235	24	Riley Torres	5	confirmed	2024-11-14 06:32:47.491011+07
1236	25	Sam Cooper	4	confirmed	2024-11-14 06:32:47.491011+07
1237	26	Tina Perez	1	confirmed	2024-11-14 06:32:47.491011+07
1238	27	Uma Morgan	5	confirmed	2024-11-14 06:32:47.491011+07
1239	28	Victor Diaz	3	confirmed	2024-11-14 06:32:47.491011+07
1240	1	Alice Johnson	4	confirmed	2024-11-14 06:32:47.686451+07
1241	2	Bob Smith	3	confirmed	2024-11-14 06:32:47.686451+07
1242	3	Charlie Lee	5	confirmed	2024-11-14 06:32:47.686451+07
1244	6	Ella White	4	confirmed	2024-11-14 06:32:47.686451+07
1245	7	Frank Green	3	confirmed	2024-11-14 06:32:47.686451+07
1246	8	Grace Hall	1	confirmed	2024-11-14 06:32:47.686451+07
1247	10	Henry Adams	5	confirmed	2024-11-14 06:32:47.686451+07
1248	11	Isla Martin	2	confirmed	2024-11-14 06:32:47.686451+07
1250	15	Lily Young	5	confirmed	2024-11-14 06:32:47.686451+07
1251	18	Mason Wright	1	confirmed	2024-11-14 06:32:47.686451+07
1252	19	Nora King	3	confirmed	2024-11-14 06:32:47.686451+07
1254	21	Parker Collins	2	confirmed	2024-11-14 06:32:47.686451+07
1255	22	Quinn Stewart	3	confirmed	2024-11-14 06:32:47.686451+07
1256	24	Riley Torres	5	confirmed	2024-11-14 06:32:47.686451+07
1258	26	Tina Perez	1	confirmed	2024-11-14 06:32:47.686451+07
1259	27	Uma Morgan	5	confirmed	2024-11-14 06:32:47.686451+07
1260	28	Victor Diaz	3	confirmed	2024-11-14 06:32:47.686451+07
1261	1	Alice Johnson	4	confirmed	2024-11-14 06:32:48.009869+07
1262	2	Bob Smith	3	confirmed	2024-11-14 06:32:48.009869+07
1264	4	David Brown	2	confirmed	2024-11-14 06:32:48.009869+07
1266	7	Frank Green	3	confirmed	2024-11-14 06:32:48.009869+07
1267	8	Grace Hall	1	confirmed	2024-11-14 06:32:48.009869+07
1268	10	Henry Adams	5	confirmed	2024-11-14 06:32:48.009869+07
1269	11	Isla Martin	2	confirmed	2024-11-14 06:32:48.009869+07
1271	15	Lily Young	5	confirmed	2024-11-14 06:32:48.009869+07
1272	18	Mason Wright	1	confirmed	2024-11-14 06:32:48.009869+07
1273	19	Nora King	3	confirmed	2024-11-14 06:32:48.009869+07
1275	21	Parker Collins	2	confirmed	2024-11-14 06:32:48.009869+07
1276	22	Quinn Stewart	3	confirmed	2024-11-14 06:32:48.009869+07
1277	24	Riley Torres	5	confirmed	2024-11-14 06:32:48.009869+07
1278	25	Sam Cooper	4	confirmed	2024-11-14 06:32:48.009869+07
1281	28	Victor Diaz	3	confirmed	2024-11-14 06:32:48.009869+07
1202	6	Ella White	\N	booked	2024-11-14 06:32:47.289183+07
1203	7	Frank Green	\N	booked	2024-11-14 06:32:47.289183+07
1204	8	Grace Hall	\N	booked	2024-11-14 06:32:47.289183+07
1205	10	Henry Adams	\N	booked	2024-11-14 06:32:47.289183+07
1207	14	Jack Walker	\N	booked	2024-11-14 06:32:47.289183+07
1223	6	Ella White	\N	booked	2024-11-14 06:32:47.491011+07
1243	4	David Brown	\N	booked	2024-11-14 06:32:47.686451+07
1249	14	Jack Walker	\N	booked	2024-11-14 06:32:47.686451+07
1253	20	Oliver Scott	\N	booked	2024-11-14 06:32:47.686451+07
1257	25	Sam Cooper	\N	booked	2024-11-14 06:32:47.686451+07
1263	3	Charlie Lee	\N	booked	2024-11-14 06:32:48.009869+07
1265	6	Ella White	\N	booked	2024-11-14 06:32:48.009869+07
1270	14	Jack Walker	\N	booked	2024-11-14 06:32:48.009869+07
1274	20	Oliver Scott	\N	booked	2024-11-14 06:32:48.009869+07
1279	26	Tina Perez	\N	booked	2024-11-14 06:32:48.009869+07
1280	27	Uma Morgan	\N	booked	2024-11-14 06:32:48.009869+07
\.


--
-- Data for Name: todos; Type: TABLE DATA; Schema: public; Owner: paul
--

COPY public.todos (id, itinerary_id, sequence, name) FROM stdin;
1	1	1	Lorem ipsum dolor sit amet, consectetur adipiscing elit.
2	1	2	Curabitur aliquet quam id dui posuere blandit.
3	1	3	Vivamus magna justo, lacinia eget consectetur sed.
4	1	4	Sed porttitor lectus nibh.
5	1	5	Donec sollicitudin molestie malesuada.
\.


--
-- Name: destination_gallery_id_seq; Type: SEQUENCE SET; Schema: public; Owner: paul
--

SELECT pg_catalog.setval('public.destination_gallery_id_seq', 83, true);


--
-- Name: destinations_id_seq; Type: SEQUENCE SET; Schema: public; Owner: paul
--

SELECT pg_catalog.setval('public.destinations_id_seq', 20, true);


--
-- Name: events_id_seq; Type: SEQUENCE SET; Schema: public; Owner: paul
--

SELECT pg_catalog.setval('public.events_id_seq', 29, true);


--
-- Name: itineraries_id_seq; Type: SEQUENCE SET; Schema: public; Owner: paul
--

SELECT pg_catalog.setval('public.itineraries_id_seq', 3, true);


--
-- Name: locations_id_seq; Type: SEQUENCE SET; Schema: public; Owner: paul
--

SELECT pg_catalog.setval('public.locations_id_seq', 20, true);


--
-- Name: orders_id_seq; Type: SEQUENCE SET; Schema: public; Owner: paul
--

SELECT pg_catalog.setval('public.orders_id_seq', 1281, true);


--
-- Name: todos_id_seq; Type: SEQUENCE SET; Schema: public; Owner: paul
--

SELECT pg_catalog.setval('public.todos_id_seq', 5, true);


--
-- Name: gallery destination_gallery_pkey; Type: CONSTRAINT; Schema: public; Owner: paul
--

ALTER TABLE ONLY public.gallery
    ADD CONSTRAINT destination_gallery_pkey PRIMARY KEY (id);


--
-- Name: destinations destinations_pkey; Type: CONSTRAINT; Schema: public; Owner: paul
--

ALTER TABLE ONLY public.destinations
    ADD CONSTRAINT destinations_pkey PRIMARY KEY (id);


--
-- Name: events events_pkey; Type: CONSTRAINT; Schema: public; Owner: paul
--

ALTER TABLE ONLY public.events
    ADD CONSTRAINT events_pkey PRIMARY KEY (id);


--
-- Name: itineraries itineraries_pkey; Type: CONSTRAINT; Schema: public; Owner: paul
--

ALTER TABLE ONLY public.itineraries
    ADD CONSTRAINT itineraries_pkey PRIMARY KEY (id);


--
-- Name: locations locations_pkey; Type: CONSTRAINT; Schema: public; Owner: paul
--

ALTER TABLE ONLY public.locations
    ADD CONSTRAINT locations_pkey PRIMARY KEY (id);


--
-- Name: orders orders_pkey; Type: CONSTRAINT; Schema: public; Owner: paul
--

ALTER TABLE ONLY public.orders
    ADD CONSTRAINT orders_pkey PRIMARY KEY (id);


--
-- Name: todos todos_pkey; Type: CONSTRAINT; Schema: public; Owner: paul
--

ALTER TABLE ONLY public.todos
    ADD CONSTRAINT todos_pkey PRIMARY KEY (id);


--
-- PostgreSQL database dump complete
--

